ID,Tenant Code,Trade Name,Document Type,GL Account,Doc. No.,Ref. No.,Posting Date,Due Date,Bank Code,Bank Name,Debit,Credit
8186,ASCT-LT000044,LFAFA ENTERPRISE,Payment,Rent Receivables,PRCHK#030446 / OR#030446,GL0001064,2020-01-02,,B-001,Land Bank of the Philippines,0,-16050.00
7526,ASCT-LT000017,BUKO FACTORY,Payment,Rent Receivables,PR030393,GL0001168,2020-01-03,,B-001,Land Bank of the Philippines,0,-14124.00
7534,ASCT-LT000043,K and K Cellshop and Services,Payment,Rent Receivables,PR030395,GL0001153,2020-01-06,,B-001,Land Bank of the Philippines,0,-12840.00
7669,ASCT-LT000019,LEYLAM,Payment,Rent Receivables,PRCHK# 1929350 / OR#030436,GL0001166,2020-01-06,,B-001,Land Bank of the Philippines,0,-14124.00
7530,ASCT-LT000036,M Lhuillier,Payment,Rent Receivables,PR030394,GL0001145,2020-01-06,,B-001,Land Bank of the Philippines,0,-23540.00
7546,ASCT-LT000070,Boholanos Lechon House,Payment,Rent Receivables,PR030398,GL0001115,2020-01-07,,B-001,Land Bank of the Philippines,0,-1391.00
7649,ASCT-LT000009,Save N Earn,Payment,Rent Receivables,PRCHK#1501493 / OR#030435,GL0001179,2020-01-07,,B-001,Land Bank of the Philippines,0,-11770.00
7538,ASCT-LT000008,TECHNOCARE,Payment,Rent Receivables,PR030396,GL0001183,2020-01-07,,B-001,Land Bank of the Philippines,0,-11770.00
7542,ASCT-LT000045,JJJ Key Services,Payment,Rent Receivables,PR030397,GL0001149,2020-01-07,,B-001,Land Bank of the Philippines,0,-12840.00
7550,ASCT-LT000063,Sams Food and Beverage Kiosk,Payment,Rent Receivables,PR030399,GL0001126,2020-01-07,,B-001,Land Bank of the Philippines,0,-12840.00
7558,ASCT-LT000057,Santinos Italian Pizza Slices,Payment,Rent Receivables,PR030451,GL0001141,2020-01-07,,B-001,Land Bank of the Philippines,0,-12840.00
7554,ASCT-LT000011,LROYALE SKIN CARE AND WELNESS SHOP,Payment,Rent Receivables,PR030400,GL0001181,2020-01-07,,B-001,Land Bank of the Philippines,0,-14124.00
7645,ASCT-LT000046,Potato Corner,Payment,Rent Receivables,PRCHK#200000817 / OR#030434,GL0001147,2020-01-07,,B-001,Land Bank of the Philippines,0,-16050.00
7625,ASCT-LT000061,A and A Cafeteria,Payment,Rent Receivables,PROR# 030428,GL0001136,2020-01-08,,B-001,Land Bank of the Philippines,0,-5000.00
7620,ASCT-LT000016,WAFFLE TIME,Payment,Rent Receivables,PRCHK#1908879 / OR#030427,GL0001170,2020-01-08,,B-001,Land Bank of the Philippines,0,-6906.63
7578,ASCT-LT000056,Pat and Jane Franchising Corp.,Payment,Rent Receivables,PR030456,GL0001128,2020-01-08,,B-001,Land Bank of the Philippines,0,-10700.00
7635,ASCT-LT000005,THIRSTY THE HEALTHY WAY,Payment,Rent Receivables,PRCHK#1630831 / OR# 030430,GL0001118,2020-01-08,,B-001,Land Bank of the Philippines,0,-11770.00
7574,ASCT-LT000066,Aiztea,Payment,Rent Receivables,PR030455,GL0001130,2020-01-08,,B-001,Land Bank of the Philippines,0,-12840.00
7566,ASCT-LT000055,PCSO Lotto,Payment,Rent Receivables,PR030453,GL0001143,2020-01-08,,B-001,Land Bank of the Philippines,0,-12840.00
7570,ASCT-LT000013,MASTER SIOMAI,Payment,Rent Receivables,PR030454,GL0001177,2020-01-08,,B-001,Land Bank of the Philippines,0,-14124.00
7641,ASCT-LT000006,ZAGU PEARL SHAKE,Payment,Rent Receivables,PROR# 16619.50,GL0001175,2020-01-08,,B-001,Land Bank of the Philippines,0,-14124.00
7562,ASCT-LT000037,Miche Cellphone Accessories,Payment,Rent Receivables,PR030452,GL0001164,2020-01-08,,B-001,Land Bank of the Philippines,0,-21400.00
9224,ASCT-LT000033,ABENSON,Payment,Rent Receivables,PRCHCK#1929350 / OR#030436,GL0001485,2020-01-08,,B-001,Land Bank of the Philippines,0,-151391.62
8196,ASCT-LT000044,LFAFA ENTERPRISE,Payment,Rent Receivables,PRCHK#465544 / OR#030447,GL0001155,2020-01-09,,B-001,Land Bank of the Philippines,0,-16050.00
7588,ASCT-LT000002,IDEAL VISION CENTER,Payment,Rent Receivables,PR030458,GL0001151,2020-01-09,,B-001,Land Bank of the Philippines,0,-34240.00
8259,ASCT-LT000064,Mr. Softy,Payment,Rent Receivables,PROR# 030448,GL0001086,2020-01-10,,B-001,Land Bank of the Philippines,0,-10700.00
8263,ASCT-LT000064,Mr. Softy,Payment,Rent Receivables,PROR# 030448,GL0001132,2020-01-10,,B-001,Land Bank of the Philippines,0,-10700.00
7592,ASCT-LT000038,ASC TECH,Payment,Rent Receivables,PR030459,GL0001173,2020-01-10,,B-001,Land Bank of the Philippines,0,-29425.00
7596,ASCT-LT000072,Lugaw Bisdak,Payment,Rent Receivables,PR030460,GL0001190,2020-01-13,,B-001,Land Bank of the Philippines,0,-12011.62
9683,ASCT-LT000034,RED RIBBON,Payment,Rent Receivables,PRJV#1002850,GL0001158,2020-01-23,,,,0,-22192.33
8243,ASCT-LT000014,JOLLIBEE,Payment,Rent Receivables,PRJV# 01002851,GL0001160,2020-01-23,,,,0,-393664.85
9100,ASCT-LT000014,JOLLIBEE,Invoice,Rent Receivables,ASCT-IC0001266,GL0001468,2020-01-31,2020-02-08,,,261153.29,0
9210,ASCT-LT000033,ABENSON,Invoice,Rent Receivables,ASCT-IC0001282,GL0001485,2020-01-31,2020-02-08,,,151391.62,0
9756,ASCT-LT000077,CHOWKING,Invoice,Rent Receivables,ASCT-IC0001362,GL0001578,2020-01-31,2020-02-08,,,107131.87,0
7945,ASCT-LT000059,Penshoppe,Invoice,Rent Receivables,ASCT-IC0001090,GL0001268,2020-01-31,2020-02-08,,,87740.00,0
8071,ASCT-LT000073,PNB,Invoice,Rent Receivables,ASCT-IC0001108,GL0001298,2020-01-31,2020-02-08,,,63820.32,0
7958,ASCT-LT000058,For Me,Invoice,Rent Receivables,ASCT-IC0001093,GL0001271,2020-01-31,2020-02-08,,,41516.00,0
7832,ASCT-LT000002,IDEAL VISION CENTER,Invoice,Rent Receivables,ASCT-IC0001065,GL0001240,2020-01-31,2020-02-08,,,34240.00,0
9066,ASCT-LT000038,ASC TECH,Invoice,Rent Receivables,ASCT-IC0001260,GL0001462,2020-01-31,2020-02-08,,,29425.00,0
7697,ASCT-LT000008,TECHNOCARE,Invoice,Rent Receivables,ASCT-IC0001036,GL0001211,2020-01-31,2020-02-08,,,25187.80,0
7859,ASCT-LT000036,M Lhuillier,Invoice,Rent Receivables,ASCT-IC0001071,GL0001246,2020-01-31,2020-02-08,,,23540.00,0
7805,ASCT-LT000034,RED RIBBON,Invoice,Rent Receivables,ASCT-IC0001059,GL0001234,2020-01-31,2020-02-08,,,22192.33,0
7783,ASCT-LT000037,Miche Cellphone Accessories,Invoice,Rent Receivables,ASCT-IC0001055,GL0001230,2020-01-31,2020-02-08,,,21400.00,0
7689,ASCT-LT000007,JEWELRICH,Invoice,Rent Receivables,ASCT-IC0001034,GL0001209,2020-01-31,2020-02-08,,,21186.00,0
7814,ASCT-LT000044,LFAFA ENTERPRISE,Invoice,Rent Receivables,ASCT-IC0001061,GL0001236,2020-01-31,2020-02-08,,,16050.00,0
7850,ASCT-LT000046,Potato Corner,Invoice,Rent Receivables,ASCT-IC0001069,GL0001244,2020-01-31,2020-02-08,,,16050.00,0
7766,ASCT-LT000017,BUKO FACTORY,Invoice,Rent Receivables,ASCT-IC0001051,GL0001226,2020-01-31,2020-02-08,,,14124.00,0
7774,ASCT-LT000019,LEYLAM,Invoice,Rent Receivables,ASCT-IC0001053,GL0001228,2020-01-31,2020-02-08,,,14124.00,0
7706,ASCT-LT000011,LROYALE SKIN CARE AND WELNESS SHOP,Invoice,Rent Receivables,ASCT-IC0001038,GL0001213,2020-01-31,2020-02-08,,,14124.00,0
7725,ASCT-LT000013,MASTER SIOMAI,Invoice,Rent Receivables,ASCT-IC0001042,GL0001217,2020-01-31,2020-02-08,,,14124.00,0
7734,ASCT-LT000006,ZAGU PEARL SHAKE,Invoice,Rent Receivables,ASCT-IC0001044,GL0001219,2020-01-31,2020-02-08,,,14124.00,0
7969,ASCT-LT000070,Boholanos Lechon House,Invoice,Rent Receivables,ASCT-IC0001095,GL0001273,2020-01-31,2020-02-08,,,13910.00,0
7916,ASCT-LT000066,Aiztea,Invoice,Rent Receivables,ASCT-IC0001083,GL0001261,2020-01-31,2020-02-08,,,12840.00,0
7841,ASCT-LT000045,JJJ Key Services,Invoice,Rent Receivables,ASCT-IC0001067,GL0001242,2020-01-31,2020-02-08,,,12840.00,0
7823,ASCT-LT000043,K and K Cellshop and Services,Invoice,Rent Receivables,ASCT-IC0001063,GL0001238,2020-01-31,2020-02-08,,,12840.00,0
8040,ASCT-LT000072,Lugaw Bisdak,Invoice,Rent Receivables,ASCT-IC0001104,GL0001292,2020-01-31,2020-02-08,,,12840.00,0
7867,ASCT-LT000055,PCSO Lotto,Invoice,Rent Receivables,ASCT-IC0001073,GL0001248,2020-01-31,2020-02-08,,,12840.00,0
7934,ASCT-LT000063,Sams Food and Beverage Kiosk,Invoice,Rent Receivables,ASCT-IC0001087,GL0001265,2020-01-31,2020-02-08,,,12840.00,0
7876,ASCT-LT000057,Santinos Italian Pizza Slices,Invoice,Rent Receivables,ASCT-IC0001075,GL0001250,2020-01-31,2020-02-08,,,12840.00,0
7988,ASCT-LT000074,Takoyaki Boss,Invoice,Rent Receivables,ASCT-IC0001100,GL0001278,2020-01-31,2020-02-08,,,12840.00,0
7715,ASCT-LT000009,Save N Earn,Invoice,Rent Receivables,ASCT-IC0001040,GL0001215,2020-01-31,2020-02-08,,,11770.00,0
7672,ASCT-LT000005,THIRSTY THE HEALTHY WAY,Invoice,Rent Receivables,ASCT-IC0001030,GL0001205,2020-01-31,2020-02-08,,,11770.00,0
7681,ASCT-LT000010,VIRGINIA FOODS,Invoice,Rent Receivables,ASCT-IC0001032,GL0001207,2020-01-31,2020-02-08,,,11770.00,0
7757,ASCT-LT000016,WAFFLE TIME,Invoice,Rent Receivables,ASCT-IC0001049,GL0001224,2020-01-31,2020-02-08,,,11770.00,0
7885,ASCT-LT000060,Marcela Chicken,Invoice,Rent Receivables,ASCT-IC0001077,GL0001252,2020-01-31,2020-02-08,,,10700.00,0
7901,ASCT-LT000064,Mr. Softy,Invoice,Rent Receivables,ASCT-IC0001081,GL0001256,2020-01-31,2020-02-08,,,10700.00,0
7925,ASCT-LT000056,Pat and Jane Franchising Corp.,Invoice,Rent Receivables,ASCT-IC0001085,GL0001263,2020-01-31,2020-02-08,,,10700.00,0
7894,ASCT-LT000061,A and A Cafeteria,Invoice,Rent Receivables,ASCT-IC0001079,GL0001254,2020-01-31,2020-02-08,,,5000.00,0
8002,ASCT-LT000016,WAFFLE TIME,Payment,Rent Receivables,ASCT-B0000599,GL0001224,2020-01-31,,,,0,-4863.37
8020,ASCT-LT000074,Takoyaki Boss,Payment,Rent Receivables,ASCT-B0000620,GL0001278,2020-01-31,,,,0,-7891.61
8079,ASCT-LT000073,PNB,Payment,Rent Receivables,ASCT-B0000631,GL0001298,2020-01-31,,,,0,-43000.00
8051,ASCT-LT000007,JEWELRICH,Payment,Rent Receivables,PR030461,GL0001209,2020-02-01,,B-001,Land Bank of the Philippines,0,-21186.00
8055,ASCT-LT000017,BUKO FACTORY,Payment,Rent Receivables,PR030463,GL0001226,2020-02-03,,B-001,Land Bank of the Philippines,0,-14124.00
8178,ASCT-LT000019,LEYLAM,Payment,Rent Receivables,PRCHK#01929662 / OR# 030444,GL0001228,2020-02-04,,B-001,Land Bank of the Philippines,0,-14124.00
8098,ASCT-LT000060,Marcela Chicken,Payment,Rent Receivables,PR030464,GL0001139,2020-02-05,,B-001,Land Bank of the Philippines,0,-10700.00
8182,ASCT-LT000009,Save N Earn,Payment,Rent Receivables,PRCHK#1501792 / OR# 030445,GL0001215,2020-02-05,,B-001,Land Bank of the Philippines,0,-11770.00
8102,ASCT-LT000055,PCSO Lotto,Payment,Rent Receivables,PR030465,GL0001248,2020-02-05,,B-001,Land Bank of the Philippines,0,-12840.00
8174,ASCT-LT000046,Potato Corner,Payment,Rent Receivables,PRCHK#2000000839 / OR#030443,GL0001244,2020-02-05,,B-001,Land Bank of the Philippines,0,-16050.00
8106,ASCT-LT000045,JJJ Key Services,Payment,Rent Receivables,PR030466,GL0001242,2020-02-06,,B-001,Land Bank of the Philippines,0,-12840.00
8110,ASCT-LT000037,Miche Cellphone Accessories,Payment,Rent Receivables,PR030467,GL0001230,2020-02-06,,B-001,Land Bank of the Philippines,0,-21400.00
8118,ASCT-LT000036,M Lhuillier,Payment,Rent Receivables,PR030469,GL0001246,2020-02-06,,B-001,Land Bank of the Philippines,0,-23540.00
8114,ASCT-LT000002,IDEAL VISION CENTER,Payment,Rent Receivables,PR030468,GL0001240,2020-02-06,,B-001,Land Bank of the Philippines,0,-34240.00
8204,ASCT-LT000061,A and A Cafeteria,Payment,Rent Receivables,PROR# 030449,GL0001254,2020-02-07,,B-001,Land Bank of the Philippines,0,-5000.00
9286,ASCT-LT000078,Sticker Race Prints and Design,Payment,Rent Receivables,PROR#145032,GL0001497,2020-02-07,,B-001,Land Bank of the Philippines,0,-12452.58
8130,ASCT-LT000043,K and K Cellshop and Services,Payment,Rent Receivables,PR030472,GL0001238,2020-02-07,,B-001,Land Bank of the Philippines,0,-12840.00
8134,ASCT-LT000011,LROYALE SKIN CARE AND WELNESS SHOP,Payment,Rent Receivables,PR030473,GL0001213,2020-02-07,,B-001,Land Bank of the Philippines,0,-14124.00
8212,ASCT-LT000006,ZAGU PEARL SHAKE,Payment,Rent Receivables,PRCHK# 1298446 / OR# 005001,GL0001219,2020-02-07,,B-001,Land Bank of the Philippines,0,-14124.00
8122,ASCT-LT000073,PNB,Payment,Rent Receivables,PR030470,GL0001298,2020-02-07,,B-001,Land Bank of the Philippines,0,-20820.32
8126,ASCT-LT000008,TECHNOCARE,Payment,Rent Receivables,PR030471,GL0001211,2020-02-07,,B-001,Land Bank of the Philippines,0,-25187.80
8146,ASCT-LT000057,Santinos Italian Pizza Slices,Payment,Rent Receivables,PR030476,GL0001250,2020-02-08,,B-001,Land Bank of the Philippines,0,-12840.00
8142,ASCT-LT000070,Boholanos Lechon House,Payment,Rent Receivables,PR030475,GL0001273,2020-02-08,,B-001,Land Bank of the Philippines,0,-13910.00
8138,ASCT-LT000038,ASC TECH,Payment,Rent Receivables,PR030474,GL0001222,2020-02-08,,B-001,Land Bank of the Philippines,0,-29425.00
8150,ASCT-LT000013,MASTER SIOMAI,Payment,Rent Receivables,PR030477,GL0001217,2020-02-09,,B-001,Land Bank of the Philippines,0,-14124.00
8154,ASCT-LT000056,Pat and Jane Franchising Corp.,Payment,Rent Receivables,PR030478,GL0001263,2020-02-10,,B-001,Land Bank of the Philippines,0,-10700.00
8220,ASCT-LT000010,VIRGINIA FOODS,Payment,Rent Receivables,PRCHK#1637531 / OR#005002,GL0001188,2020-02-10,,B-001,Land Bank of the Philippines,0,-11770.00
8226,ASCT-LT000010,VIRGINIA FOODS,Payment,Rent Receivables,PRCHK# 1637532 / OR# 005003,GL0001207,2020-02-10,,B-001,Land Bank of the Philippines,0,-11770.00
8585,ASCT-LT000058,For Me,Payment,Rent Receivables,PRCHK# 1697405 / OR#005005,GL0001271,2020-02-10,,B-001,Land Bank of the Philippines,0,-41516.00
8581,ASCT-LT000059,Penshoppe,Payment,Rent Receivables,PRCHK# 1697404 / OR# 005005,GL0001268,2020-02-10,,B-001,Land Bank of the Philippines,0,-87740.00
8208,ASCT-LT000005,THIRSTY THE HEALTHY WAY,Payment,Rent Receivables,PRCHK# 1630853 / OR# 030450,GL0001205,2020-02-11,,B-001,Land Bank of the Philippines,0,-11770.00
8730,ASCT-LT000064,Mr. Softy,Payment,Rent Receivables,PROR# 005017,GL0001256,2020-02-13,,B-001,Land Bank of the Philippines,0,-10700.00
8341,ASCT-LT000016,WAFFLE TIME,Payment,Rent Receivables,PROR# 005006,GL0001224,2020-02-14,,B-001,Land Bank of the Philippines,0,-6906.63
9667,ASCT-LT000034,RED RIBBON,Payment,Rent Receivables,PRJV#2001675,GL0001234,2020-02-15,,,,0,-12192.33
8158,ASCT-LT000074,Takoyaki Boss,Payment,Rent Receivables,PR030479,GL0001278,2020-02-17,,B-001,Land Bank of the Philippines,0,-4948.39
8162,ASCT-LT000066,Aiztea,Payment,Rent Receivables,PR030480,GL0001261,2020-02-17,,B-001,Land Bank of the Philippines,0,-12840.00
8170,ASCT-LT000063,Sams Food and Beverage Kiosk,Payment,Rent Receivables,PR030483,GL0001265,2020-02-19,,B-001,Land Bank of the Philippines,0,-12840.00
9115,ASCT-LT000014,JOLLIBEE,Invoice,Rent Receivables,ASCT-IC0001268,GL0001470,2020-02-29,2020-03-08,,,217092.19,0
9234,ASCT-LT000033,ABENSON,Invoice,Rent Receivables,ASCT-IC0001284,GL0001490,2020-02-29,2020-03-08,,,151391.62,0
9769,ASCT-LT000077,CHOWKING,Invoice,Rent Receivables,ASCT-IC0001364,GL0001580,2020-02-29,2020-03-08,,,100105.02,0
8588,ASCT-LT000059,Penshoppe,Invoice,Rent Receivables,ASCT-IC0001179,GL0001376,2020-02-29,2020-03-08,,,87740.00,0
8600,ASCT-LT000058,For Me,Invoice,Rent Receivables,ASCT-IC0001181,GL0001379,2020-02-29,2020-03-08,,,41516.00,0
8664,ASCT-LT000073,PNB,Invoice,Rent Receivables,ASCT-IC0001189,GL0001389,2020-02-29,2020-03-08,,,40850.00,0
8411,ASCT-LT000002,IDEAL VISION CENTER,Invoice,Rent Receivables,ASCT-IC0001142,GL0001336,2020-02-29,2020-03-08,,,34240.00,0
8570,ASCT-LT000008,TECHNOCARE,Invoice,Rent Receivables,ASCT-IC0001177,GL0001374,2020-02-29,2020-03-08,,,33662.20,0
9078,ASCT-LT000038,ASC TECH,Invoice,Rent Receivables,ASCT-IC0001262,GL0001464,2020-02-29,2020-03-08,,,29425.00,0
8441,ASCT-LT000036,M Lhuillier,Invoice,Rent Receivables,ASCT-IC0001148,GL0001342,2020-02-29,2020-03-08,,,23540.00,0
8376,ASCT-LT000034,RED RIBBON,Invoice,Rent Receivables,ASCT-IC0001136,GL0001328,2020-02-29,2020-03-08,,,22192.33,0
8367,ASCT-LT000037,Miche Cellphone Accessories,Invoice,Rent Receivables,ASCT-IC0001134,GL0001326,2020-02-29,2020-03-08,,,21400.00,0
8388,ASCT-LT000044,LFAFA ENTERPRISE,Invoice,Rent Receivables,ASCT-IC0001138,GL0001330,2020-02-29,2020-03-08,,,16050.00,0
8431,ASCT-LT000046,Potato Corner,Invoice,Rent Receivables,ASCT-IC0001146,GL0001340,2020-02-29,2020-03-08,,,16050.00,0
8561,ASCT-LT000017,BUKO FACTORY,Invoice,Rent Receivables,ASCT-IC0001175,GL0001372,2020-02-29,2020-03-08,,,14124.00,0
8358,ASCT-LT000019,LEYLAM,Invoice,Rent Receivables,ASCT-IC0001132,GL0001324,2020-02-29,2020-03-08,,,14124.00,0
8301,ASCT-LT000011,LROYALE SKIN CARE AND WELNESS SHOP,Invoice,Rent Receivables,ASCT-IC0001121,GL0001312,2020-02-29,2020-03-08,,,14124.00,0
8321,ASCT-LT000013,MASTER SIOMAI,Invoice,Rent Receivables,ASCT-IC0001125,GL0001316,2020-02-29,2020-03-08,,,14124.00,0
8330,ASCT-LT000006,ZAGU PEARL SHAKE,Invoice,Rent Receivables,ASCT-IC0001127,GL0001318,2020-02-29,2020-03-08,,,14124.00,0
8530,ASCT-LT000070,Boholanos Lechon House,Invoice,Rent Receivables,ASCT-IC0001168,GL0001364,2020-02-29,2020-03-08,,,13910.00,0
8498,ASCT-LT000066,Aiztea,Invoice,Rent Receivables,ASCT-IC0001161,GL0001357,2020-02-29,2020-03-08,,,12840.00,0
8420,ASCT-LT000045,JJJ Key Services,Invoice,Rent Receivables,ASCT-IC0001144,GL0001338,2020-02-29,2020-03-08,,,12840.00,0
8401,ASCT-LT000043,K and K Cellshop and Services,Invoice,Rent Receivables,ASCT-IC0001140,GL0001334,2020-02-29,2020-03-08,,,12840.00,0
8538,ASCT-LT000072,Lugaw Bisdak,Invoice,Rent Receivables,ASCT-IC0001170,GL0001366,2020-02-29,2020-03-08,,,12840.00,0
8449,ASCT-LT000055,PCSO Lotto,Invoice,Rent Receivables,ASCT-IC0001150,GL0001344,2020-02-29,2020-03-08,,,12840.00,0
8520,ASCT-LT000063,Sams Food and Beverage Kiosk,Invoice,Rent Receivables,ASCT-IC0001166,GL0001362,2020-02-29,2020-03-08,,,12840.00,0
8458,ASCT-LT000057,Santinos Italian Pizza Slices,Invoice,Rent Receivables,ASCT-IC0001152,GL0001346,2020-02-29,2020-03-08,,,12840.00,0
8552,ASCT-LT000074,Takoyaki Boss,Invoice,Rent Receivables,ASCT-IC0001173,GL0001370,2020-02-29,2020-03-08,,,12840.00,0
8311,ASCT-LT000009,Save N Earn,Invoice,Rent Receivables,ASCT-IC0001123,GL0001314,2020-02-29,2020-03-08,,,11770.00,0
8268,ASCT-LT000005,THIRSTY THE HEALTHY WAY,Invoice,Rent Receivables,ASCT-IC0001115,GL0001306,2020-02-29,2020-03-08,,,11770.00,0
8280,ASCT-LT000010,VIRGINIA FOODS,Invoice,Rent Receivables,ASCT-IC0001117,GL0001308,2020-02-29,2020-03-08,,,11770.00,0
8347,ASCT-LT000016,WAFFLE TIME,Invoice,Rent Receivables,ASCT-IC0001130,GL0001322,2020-02-29,2020-03-08,,,11770.00,0
8467,ASCT-LT000060,Marcela Chicken,Invoice,Rent Receivables,ASCT-IC0001154,GL0001348,2020-02-29,2020-03-08,,,10700.00,0
8483,ASCT-LT000064,Mr. Softy,Invoice,Rent Receivables,ASCT-IC0001158,GL0001352,2020-02-29,2020-03-08,,,10700.00,0
8508,ASCT-LT000056,Pat and Jane Franchising Corp.,Invoice,Rent Receivables,ASCT-IC0001163,GL0001359,2020-02-29,2020-03-08,,,10700.00,0
8476,ASCT-LT000061,A and A Cafeteria,Invoice,Rent Receivables,ASCT-IC0001156,GL0001350,2020-02-29,2020-03-08,,,5000.00,0
8357,ASCT-LT000016,WAFFLE TIME,Payment,Rent Receivables,ASCT-B0000641,GL0001322,2020-02-29,,,,0,-4863.37
8387,ASCT-LT000034,RED RIBBON,Payment,Rent Receivables,ASCT-B0000644,GL0001234,2020-02-29,,,,0,-10000.00
8298,ASCT-LT000007,JEWELRICH,Payment,Rent Receivables,ASCT-B0000636,GL0001310,2020-02-29,,,,0,-21186.00
9249,ASCT-LT000033,ABENSON,Payment,Rent Receivables,ASCT-B0000716,GL0001490,2020-02-29,,,,0,-151391.62
8759,ASCT-LT000019,LEYLAM,Payment,Rent Receivables,PRCHK# 1934300 / OR# 005012,GL0001324,2020-03-03,,B-001,Land Bank of the Philippines,0,-14124.00
8763,ASCT-LT000046,Potato Corner,Payment,Rent Receivables,PRCHK# 2000000878 / OR# 005010,GL0001340,2020-03-05,,B-001,Land Bank of the Philippines,0,-16050.00
8740,ASCT-LT000016,WAFFLE TIME,Payment,Rent Receivables,PRCHK# 1925117 / OR# 005016,GL0001322,2020-03-06,,B-001,Land Bank of the Philippines,0,-6906.63
8754,ASCT-LT000009,Save N Earn,Payment,Rent Receivables,PRCHK#7121316652 / OR# 005013,GL0001314,2020-03-06,,B-001,Land Bank of the Philippines,0,-11770.00
8682,ASCT-LT000043,K and K Cellshop and Services,Payment,Rent Receivables,PR030487,GL0001334,2020-03-06,,B-001,Land Bank of the Philippines,0,-12840.00
8686,ASCT-LT000055,PCSO Lotto,Payment,Rent Receivables,PR030488,GL0001344,2020-03-06,,B-001,Land Bank of the Philippines,0,-12840.00
8749,ASCT-LT000006,ZAGU PEARL SHAKE,Payment,Rent Receivables,PRCHK# 1298558 / OR# 005014,GL0001318,2020-03-06,,B-001,Land Bank of the Philippines,0,-14124.00
8674,ASCT-LT000037,Miche Cellphone Accessories,Payment,Rent Receivables,PR030485,GL0001326,2020-03-06,,B-001,Land Bank of the Philippines,0,-21400.00
8678,ASCT-LT000036,M Lhuillier,Payment,Rent Receivables,PR030486,GL0001342,2020-03-06,,B-001,Land Bank of the Philippines,0,-23540.00
8745,ASCT-LT000002,IDEAL VISION CENTER,Payment,Rent Receivables,PRCHK# 339619 / OR#005015,GL0001336,2020-03-06,,B-001,Land Bank of the Philippines,0,-34240.00
8690,ASCT-LT000073,PNB,Payment,Rent Receivables,PR030484,GL0001389,2020-03-06,,B-001,Land Bank of the Philippines,0,-40850.00
8706,ASCT-LT000066,Aiztea,Payment,Rent Receivables,PR030492,GL0001357,2020-03-07,,B-001,Land Bank of the Philippines,0,-12840.00
8696,ASCT-LT000045,JJJ Key Services,Payment,Rent Receivables,PR030490,GL0001338,2020-03-07,,B-001,Land Bank of the Philippines,0,-12840.00
8700,ASCT-LT000011,LROYALE SKIN CARE AND WELNESS SHOP,Payment,Rent Receivables,PR030491,GL0001312,2020-03-07,,B-001,Land Bank of the Philippines,0,-14124.00
8710,ASCT-LT000057,Santinos Italian Pizza Slices,Payment,Rent Receivables,PR030494,GL0001346,2020-03-08,,B-001,Land Bank of the Philippines,0,-12840.00
8714,ASCT-LT000008,TECHNOCARE,Payment,Rent Receivables,PR030495,GL0001374,2020-03-08,,B-001,Land Bank of the Philippines,0,-33662.20
8722,ASCT-LT000017,BUKO FACTORY,Payment,Rent Receivables,PR030493,GL0001372,2020-03-09,,B-001,Land Bank of the Philippines,0,-14124.00
8718,ASCT-LT000013,MASTER SIOMAI,Payment,Rent Receivables,PR030496,GL0001316,2020-03-09,,B-001,Land Bank of the Philippines,0,-14124.00
9407,ASCT-LT000058,For Me,Payment,Rent Receivables,PRCHECK#1729280 / OR#005024,GL0001379,2020-03-09,,B-001,Land Bank of the Philippines,0,-41516.00
9402,ASCT-LT000059,Penshoppe,Payment,Rent Receivables,PRCHECK#1729281 / OR# 005023,GL0001376,2020-03-09,,B-001,Land Bank of the Philippines,0,-87740.00
9962,ASCT-LT000005,THIRSTY THE HEALTHY WAY,Payment,Rent Receivables,PRCHECK#1630870 / OR#005026,GL0001306,2020-03-10,,B-001,Land Bank of the Philippines,0,-11770.00
9673,ASCT-LT000034,RED RIBBON,Payment,Rent Receivables,PRJV#3000747,GL0001328,2020-03-10,,,,0,-22192.33
8726,ASCT-LT000070,Boholanos Lechon House,Payment,Rent Receivables,PR030497,GL0001364,2020-03-11,,B-001,Land Bank of the Philippines,0,-13910.00
8734,ASCT-LT000064,Mr. Softy,Payment,Rent Receivables,PROR# 005018,GL0001352,2020-03-13,,B-001,Land Bank of the Philippines,0,-10700.00
9914,ASCT-LT000014,JOLLIBEE,Payment,Rent Receivables,PRJV#03002050,GL0001470,2020-03-16,,,,0,-217092.19
9910,ASCT-LT000014,JOLLIBEE,Payment,Rent Receivables,PRJV#03002045,GL0000979,2020-03-16,,,,0,-235248.13
9994,ASCT-LT000010,VIRGINIA FOODS,Payment,Rent Receivables,PRCHECK#1637590 / OR#005025,GL0001308,2020-03-17,,B-001,Land Bank of the Philippines,0,-11770.00
9388,ASCT-LT000044,LFAFA ENTERPRISE,Payment,Rent Receivables,PRCHECK#465576 / OR#005022,GL0001236,2020-03-18,,B-001,Land Bank of the Philippines,0,-16050.00
9398,ASCT-LT000044,LFAFA ENTERPRISE,Payment,Rent Receivables,PRCHECK#465586 / OR# 005022,GL0001330,2020-03-18,,B-001,Land Bank of the Philippines,0,-16050.00
9131,ASCT-LT000014,JOLLIBEE,Invoice,Rent Receivables,ASCT-IC0001270,GL0001472,2020-03-31,2020-04-08,,,104543.27,0
9255,ASCT-LT000033,ABENSON,Invoice,Rent Receivables,ASCT-IC0001286,GL0001493,2020-03-31,2020-04-08,,,75695.81,0
9935,ASCT-LT000077,CHOWKING,Invoice,Rent Receivables,ASCT-IC0001386,GL0001604,2020-03-31,2020-04-08,,,46143.75,0
8997,ASCT-LT000059,Penshoppe,Invoice,Rent Receivables,ASCT-IC0001246,GL0001448,2020-03-31,2020-04-08,,,43870.00,0
9045,ASCT-LT000073,PNB,Invoice,Rent Receivables,ASCT-IC0001257,GL0001459,2020-03-31,2020-04-08,,,34041.59,0
9007,ASCT-LT000058,For Me,Invoice,Rent Receivables,ASCT-IC0001248,GL0001450,2020-03-31,2020-04-08,,,20758.00,0
8896,ASCT-LT000002,IDEAL VISION CENTER,Invoice,Rent Receivables,ASCT-IC0001221,GL0001424,2020-03-31,2020-04-08,,,18832.00,0
9090,ASCT-LT000038,ASC TECH,Invoice,Rent Receivables,ASCT-IC0001264,GL0001466,2020-03-31,2020-04-08,,,14712.50,0
9276,ASCT-LT000078,Sticker Race Prints and Design,Invoice,Rent Receivables,ASCT-IC0001288,GL0001497,2020-03-31,2020-04-08,,,12452.58,0
8922,ASCT-LT000036,M Lhuillier,Invoice,Rent Receivables,ASCT-IC0001227,GL0001430,2020-03-31,2020-04-08,,,12358.50,0
8791,ASCT-LT000008,TECHNOCARE,Invoice,Rent Receivables,ASCT-IC0001197,GL0001400,2020-03-31,2020-04-08,,,11770.00,0
8871,ASCT-LT000034,RED RIBBON,Invoice,Rent Receivables,ASCT-IC0001215,GL0001418,2020-03-31,2020-04-08,,,11096.17,0
8862,ASCT-LT000037,Miche Cellphone Accessories,Invoice,Rent Receivables,ASCT-IC0001213,GL0001416,2020-03-31,2020-04-08,,,10700.00,0
8783,ASCT-LT000007,JEWELRICH,Invoice,Rent Receivables,ASCT-IC0001195,GL0001398,2020-03-31,2020-04-08,,,10593.00,0
8888,ASCT-LT000043,K and K Cellshop and Services,Invoice,Rent Receivables,ASCT-IC0001219,GL0001422,2020-03-31,2020-04-08,,,8560.00,0
8880,ASCT-LT000044,LFAFA ENTERPRISE,Invoice,Rent Receivables,ASCT-IC0001217,GL0001420,2020-03-31,2020-04-08,,,8025.00,0
8914,ASCT-LT000046,Potato Corner,Invoice,Rent Receivables,ASCT-IC0001225,GL0001428,2020-03-31,2020-04-08,,,8025.00,0
8844,ASCT-LT000017,BUKO FACTORY,Invoice,Rent Receivables,ASCT-IC0001209,GL0001412,2020-03-31,2020-04-08,,,7062.00,0
8853,ASCT-LT000019,LEYLAM,Invoice,Rent Receivables,ASCT-IC0001211,GL0001414,2020-03-31,2020-04-08,,,7062.00,0
8800,ASCT-LT000011,LROYALE SKIN CARE AND WELNESS SHOP,Invoice,Rent Receivables,ASCT-IC0001199,GL0001402,2020-03-31,2020-04-08,,,7062.00,0
8818,ASCT-LT000013,MASTER SIOMAI,Invoice,Rent Receivables,ASCT-IC0001203,GL0001406,2020-03-31,2020-04-08,,,7062.00,0
8827,ASCT-LT000006,ZAGU PEARL SHAKE,Invoice,Rent Receivables,ASCT-IC0001205,GL0001408,2020-03-31,2020-04-08,,,7062.00,0
9019,ASCT-LT000070,Boholanos Lechon House,Invoice,Rent Receivables,ASCT-IC0001251,GL0001453,2020-03-31,2020-04-08,,,6955.00,0
8974,ASCT-LT000066,Aiztea,Invoice,Rent Receivables,ASCT-IC0001240,GL0001443,2020-03-31,2020-04-08,,,6420.00,0
8905,ASCT-LT000045,JJJ Key Services,Invoice,Rent Receivables,ASCT-IC0001223,GL0001426,2020-03-31,2020-04-08,,,6420.00,0
9027,ASCT-LT000072,Lugaw Bisdak,Invoice,Rent Receivables,ASCT-IC0001253,GL0001455,2020-03-31,2020-04-08,,,6420.00,0
8930,ASCT-LT000055,PCSO Lotto,Invoice,Rent Receivables,ASCT-IC0001229,GL0001432,2020-03-31,2020-04-08,,,6420.00,0
9062,ASCT-LT000063,Sams Food and Beverage Kiosk,Invoice,Rent Receivables,ASCT-IC0001259,GL0001461,2020-03-31,2020-04-08,,,6420.00,0
8938,ASCT-LT000057,Santinos Italian Pizza Slices,Invoice,Rent Receivables,ASCT-IC0001231,GL0001434,2020-03-31,2020-04-08,,,6420.00,0
9036,ASCT-LT000074,Takoyaki Boss,Invoice,Rent Receivables,ASCT-IC0001255,GL0001457,2020-03-31,2020-04-08,,,6420.00,0
8809,ASCT-LT000009,Save N Earn,Invoice,Rent Receivables,ASCT-IC0001201,GL0001404,2020-03-31,2020-04-08,,,5885.00,0
8766,ASCT-LT000005,THIRSTY THE HEALTHY WAY,Invoice,Rent Receivables,ASCT-IC0001191,GL0001394,2020-03-31,2020-04-08,,,5885.00,0
8775,ASCT-LT000010,VIRGINIA FOODS,Invoice,Rent Receivables,ASCT-IC0001193,GL0001396,2020-03-31,2020-04-08,,,5885.00,0
8836,ASCT-LT000016,WAFFLE TIME,Invoice,Rent Receivables,ASCT-IC0001207,GL0001410,2020-03-31,2020-04-08,,,5885.00,0
8947,ASCT-LT000060,Marcela Chicken,Invoice,Rent Receivables,ASCT-IC0001233,GL0001436,2020-03-31,2020-04-08,,,5350.00,0
8965,ASCT-LT000064,Mr. Softy,Invoice,Rent Receivables,ASCT-IC0001238,GL0001441,2020-03-31,2020-04-08,,,5350.00,0
8983,ASCT-LT000056,Pat and Jane Franchising Corp.,Invoice,Rent Receivables,ASCT-IC0001242,GL0001445,2020-03-31,2020-04-08,,,5350.00,0
8956,ASCT-LT000061,A and A Cafeteria,Invoice,Rent Receivables,ASCT-IC0001235,GL0001438,2020-03-31,2020-04-08,,,2500.00,0
9059,ASCT-LT000006,ZAGU PEARL SHAKE,Payment,Rent Receivables,ASCT-B0000678,GL0001408,2020-03-31,,,,0,-1000.00
9061,ASCT-LT000016,WAFFLE TIME,Payment,Rent Receivables,ASCT-B0000679,GL0001410,2020-03-31,,,,0,-4863.37
9055,ASCT-LT000009,Save N Earn,Payment,Rent Receivables,ASCT-B0000675,GL0001404,2020-03-31,,,,0,-5885.00
9269,ASCT-LT000033,ABENSON,Payment,Rent Receivables,ASCT-B0000717,GL0001493,2020-03-31,,,,0,-75695.81
9739,ASCT-LT000014,JOLLIBEE,Invoice,Rent Receivables,ASCT-IC0001359,GL0001574,2020-04-30,2020-05-08,,,53134.81,0
9343,ASCT-LT000036,M Lhuillier,Invoice,Rent Receivables,ASCT-IC0001298,GL0001508,2020-04-30,2020-05-08,,,12358.50,0
9337,ASCT-LT000043,K and K Cellshop and Services,Invoice,Rent Receivables,ASCT-IC0001296,GL0001506,2020-04-30,2020-05-08,,,10700.00,0
9312,ASCT-LT000034,RED RIBBON,Invoice,Rent Receivables,ASCT-IC0001290,GL0001500,2020-04-30,2020-05-08,,,10700.00,0
9328,ASCT-LT000009,Save N Earn,Invoice,Rent Receivables,ASCT-IC0001294,GL0001504,2020-04-30,2020-05-08,,,10700.00,0
9351,ASCT-LT000060,Marcela Chicken,Invoice,Rent Receivables,ASCT-IC0001300,GL0001510,2020-04-30,2020-05-08,,,5350.00,0
9928,ASCT-LT000077,CHOWKING,Payment,Rent Receivables,PRJV#05000369,GL0001580,2020-05-27,,,,0,-100105.02
9918,ASCT-LT000014,JOLLIBEE,Payment,Rent Receivables,PRJV#05000375,GL0001472,2020-05-27,,,,0,-104543.27
9922,ASCT-LT000077,CHOWKING,Payment,Rent Receivables,PRJV#05000370,GL0001578,2020-05-27,,,,0,-107131.87
9743,ASCT-LT000014,JOLLIBEE,Invoice,Rent Receivables,ASCT-IC0001360,GL0001575,2020-05-31,2020-06-08,,,102506.29,0
9478,ASCT-LT000033,ABENSON,Invoice,Rent Receivables,ASCT-IC0001319,GL0001531,2020-05-31,2020-06-08,,,75695.81,0
9604,ASCT-LT000059,Penshoppe,Invoice,Rent Receivables,ASCT-IC0001347,GL0001559,2020-05-31,2020-06-08,,,23457.91,0
9622,ASCT-LT000073,PNB,Invoice,Rent Receivables,ASCT-IC0001351,GL0001563,2020-05-31,2020-06-08,,,20425.00,0
9528,ASCT-LT000002,IDEAL VISION CENTER,Invoice,Rent Receivables,ASCT-IC0001328,GL0001540,2020-05-31,2020-06-08,,,18832.00,0
9429,ASCT-LT000008,TECHNOCARE,Invoice,Rent Receivables,ASCT-IC0001307,GL0001519,2020-05-31,2020-06-08,,,16050.00,0
9454,ASCT-LT000038,ASC TECH,Invoice,Rent Receivables,ASCT-IC0001313,GL0001525,2020-05-31,2020-06-08,,,14712.50,0
9588,ASCT-LT000066,Aiztea,Invoice,Rent Receivables,ASCT-IC0001343,GL0001555,2020-05-31,2020-06-08,,,12840.00,0
9554,ASCT-LT000036,M Lhuillier,Invoice,Rent Receivables,ASCT-IC0001335,GL0001547,2020-05-31,2020-06-08,,,12358.50,0
9470,ASCT-LT000037,Miche Cellphone Accessories,Invoice,Rent Receivables,ASCT-IC0001317,GL0001529,2020-05-31,2020-06-08,,,11770.00,0
9437,ASCT-LT000009,Save N Earn,Invoice,Rent Receivables,ASCT-IC0001309,GL0001521,2020-05-31,2020-06-08,,,11770.00,0
9497,ASCT-LT000034,RED RIBBON,Invoice,Rent Receivables,ASCT-IC0001321,GL0001533,2020-05-31,2020-06-08,,,11650.98,0
9419,ASCT-LT000007,JEWELRICH,Invoice,Rent Receivables,ASCT-IC0001304,GL0001516,2020-05-31,2020-06-08,,,10700.00,0
9518,ASCT-LT000043,K and K Cellshop and Services,Invoice,Rent Receivables,ASCT-IC0001325,GL0001537,2020-05-31,2020-06-08,,,10700.00,0
9562,ASCT-LT000060,Marcela Chicken,Invoice,Rent Receivables,ASCT-IC0001337,GL0001549,2020-05-31,2020-06-08,,,8560.00,0
9596,ASCT-LT000056,Pat and Jane Franchising Corp.,Invoice,Rent Receivables,ASCT-IC0001345,GL0001557,2020-05-31,2020-06-08,,,8560.00,0
9411,ASCT-LT000010,VIRGINIA FOODS,Invoice,Rent Receivables,ASCT-IC0001302,GL0001514,2020-05-31,2020-06-08,,,8560.00,0
9546,ASCT-LT000046,Potato Corner,Invoice,Rent Receivables,ASCT-IC0001333,GL0001545,2020-05-31,2020-06-08,,,8025.00,0
9641,ASCT-LT000078,Sticker Race Prints and Design,Invoice,Rent Receivables,ASCT-IC0001355,GL0001567,2020-05-31,2020-06-08,,,8025.00,0
9504,ASCT-LT000011,LROYALE SKIN CARE AND WELNESS SHOP,Invoice,Rent Receivables,ASCT-IC0001323,GL0001535,2020-05-31,2020-06-08,,,7490.00,0
9446,ASCT-LT000006,ZAGU PEARL SHAKE,Invoice,Rent Receivables,ASCT-IC0001311,GL0001523,2020-05-31,2020-06-08,,,7490.00,0
9536,ASCT-LT000045,JJJ Key Services,Invoice,Rent Receivables,ASCT-IC0001330,GL0001542,2020-05-31,2020-06-08,,,6420.00,0
9614,ASCT-LT000072,Lugaw Bisdak,Invoice,Rent Receivables,ASCT-IC0001349,GL0001561,2020-05-31,2020-06-08,,,6420.00,0
9630,ASCT-LT000058,For Me,Invoice,Rent Receivables,ASCT-IC0001353,GL0001565,2020-05-31,2020-06-08,,,4897.18,0
13479,ASCT-LT000064,Mr. Softy,Invoice,Rent Receivables,ASCT-IC0001885,GL0002188,2020-05-31,2020-06-08,,,3210.00,0
9462,ASCT-LT000016,WAFFLE TIME,Invoice,Rent Receivables,ASCT-IC0001315,GL0001527,2020-05-31,2020-06-08,,,2657.74,0
9570,ASCT-LT000061,A and A Cafeteria,Invoice,Rent Receivables,ASCT-IC0001339,GL0001551,2020-05-31,2020-06-08,,,2500.00,0
9640,ASCT-LT000058,For Me,Payment,Rent Receivables,ASCT-B0000749,GL0001450,2020-05-31,,,,0,-1114.34
9755,ASCT-LT000059,Penshoppe,Payment,Rent Receivables,ASCT-B0000757,GL0001448,2020-05-31,,,,0,-2713.72
9650,ASCT-LT000078,Sticker Race Prints and Design,Payment,Rent Receivables,ASCT-B0000750,GL0001567,2020-05-31,,,,0,-8025.00
9687,ASCT-LT000034,RED RIBBON,Payment,Rent Receivables,ASCT-B0000752,GL0001418,2020-05-31,,,,0,-11096.17
9736,ASCT-LT000033,ABENSON,Payment,Rent Receivables,ASCT-B0000755,GL0001531,2020-05-31,,,,0,-75695.81
9291,ASCT-LT000045,JJJ Key Services,Payment,Rent Receivables,PR030498,GL0001426,2020-06-13,,B-001,Land Bank of the Philippines,0,-6420.00
9303,ASCT-LT000037,Miche Cellphone Accessories,Payment,Rent Receivables,PR30501,GL0001416,2020-06-15,,B-001,Land Bank of the Philippines,0,-117.61
9299,ASCT-LT000043,K and K Cellshop and Services,Payment,Rent Receivables,PR30500,GL0001422,2020-06-15,,B-001,Land Bank of the Philippines,0,-8560.00
9295,ASCT-LT000008,TECHNOCARE,Payment,Rent Receivables,PR030499,GL0001400,2020-06-15,,B-001,Land Bank of the Philippines,0,-11770.00
10000,ASCT-LT000009,Save N Earn,Payment,Rent Receivables,PROR#005031,GL0001504,2020-06-16,,B-001,Land Bank of the Philippines,0,-6001.61
9380,ASCT-LT000046,Potato Corner,Payment,Rent Receivables,PRCHECK#2000000923 / OR#005020,GL0001428,2020-06-16,,B-001,Land Bank of the Philippines,0,-8025.00
9305,ASCT-LT000036,M Lhuillier,Payment,Rent Receivables,PR030502,GL0001430,2020-06-16,,B-001,Land Bank of the Philippines,0,-12358.50
9309,ASCT-LT000017,BUKO FACTORY,Payment,Rent Receivables,PR030503,GL0001412,2020-06-18,,B-001,Land Bank of the Philippines,0,-7062.00
9366,ASCT-LT000072,Lugaw Bisdak,Payment,Rent Receivables,PR30504,GL0001292,2020-06-19,,B-001,Land Bank of the Philippines,0,-12840.00
9384,ASCT-LT000002,IDEAL VISION CENTER,Payment,Rent Receivables,PRCHECK#339627 / OR#005021,GL0001424,2020-06-19,,B-001,Land Bank of the Philippines,0,-18832.00
9372,ASCT-LT000055,PCSO Lotto,Payment,Rent Receivables,PR30506,GL0001432,2020-06-24,,B-001,Land Bank of the Philippines,0,-6420.00
9368,ASCT-LT000073,PNB,Payment,Rent Receivables,PR30505,GL0001459,2020-06-24,,B-001,Land Bank of the Philippines,0,-34041.59
9376,ASCT-LT000013,MASTER SIOMAI,Payment,Rent Receivables,PR30507,GL0001406,2020-06-27,,B-001,Land Bank of the Philippines,0,-7062.00
10002,ASCT-LT000009,Save N Earn,Payment,Rent Receivables,PROR#005032,GL0001504,2020-06-29,,B-001,Land Bank of the Philippines,0,-4698.39
10006,ASCT-LT000009,Save N Earn,Payment,Rent Receivables,PROR#005032,GL0001521,2020-06-29,,B-001,Land Bank of the Philippines,0,-6001.61
9794,ASCT-LT000014,JOLLIBEE,Invoice,Rent Receivables,ASCT-IC0001368,GL0001584,2020-06-30,2020-07-15,,,96150.97,0
10049,ASCT-LT000033,ABENSON,Invoice,Rent Receivables,ASCT-IC0001396,GL0001614,2020-06-30,2020-07-08,,,75695.81,0
10208,ASCT-LT000073,PNB,Invoice,Rent Receivables,ASCT-IC0001429,GL0001653,2020-06-30,2020-07-08,,,30637.50,0
10098,ASCT-LT000036,M Lhuillier,Invoice,Rent Receivables,ASCT-IC0001406,GL0001624,2020-06-30,2020-07-08,,,24717.00,0
10156,ASCT-LT000059,Penshoppe,Invoice,Rent Receivables,ASCT-IC0001420,GL0001638,2020-06-30,2020-07-08,,,23961.24,0
10071,ASCT-LT000002,IDEAL VISION CENTER,Invoice,Rent Receivables,ASCT-IC0001400,GL0001618,2020-06-30,2020-07-08,,,18832.00,0
9842,ASCT-LT000008,TECHNOCARE,Invoice,Rent Receivables,ASCT-IC0001374,GL0001591,2020-06-30,2020-07-08,,,16050.00,0
10013,ASCT-LT000038,ASC TECH,Invoice,Rent Receivables,ASCT-IC0001388,GL0001606,2020-06-30,2020-07-08,,,14712.50,0
10138,ASCT-LT000066,Aiztea,Invoice,Rent Receivables,ASCT-IC0001416,GL0001634,2020-06-30,2020-07-08,,,12840.00,0
10040,ASCT-LT000037,Miche Cellphone Accessories,Invoice,Rent Receivables,ASCT-IC0001394,GL0001612,2020-06-30,2020-07-08,,,11770.00,0
9860,ASCT-LT000009,Save N Earn,Invoice,Rent Receivables,ASCT-IC0001378,GL0001595,2020-06-30,2020-07-08,,,11770.00,0
9785,ASCT-LT000034,RED RIBBON,Invoice,Rent Receivables,ASCT-IC0001366,GL0001582,2020-06-30,2020-07-15,,,11650.98,0
9830,ASCT-LT000007,JEWELRICH,Invoice,Rent Receivables,ASCT-IC0001372,GL0001589,2020-06-30,2020-07-08,,,10700.00,0
10062,ASCT-LT000043,K and K Cellshop and Services,Invoice,Rent Receivables,ASCT-IC0001398,GL0001616,2020-06-30,2020-07-08,,,10700.00,0
10109,ASCT-LT000060,Marcela Chicken,Invoice,Rent Receivables,ASCT-IC0001408,GL0001626,2020-06-30,2020-07-08,,,8560.00,0
10147,ASCT-LT000056,Pat and Jane Franchising Corp.,Invoice,Rent Receivables,ASCT-IC0001418,GL0001636,2020-06-30,2020-07-08,,,8560.00,0
9818,ASCT-LT000010,VIRGINIA FOODS,Invoice,Rent Receivables,ASCT-IC0001370,GL0001587,2020-06-30,2020-07-08,,,8560.00,0
10089,ASCT-LT000046,Potato Corner,Invoice,Rent Receivables,ASCT-IC0001404,GL0001622,2020-06-30,2020-07-08,,,8025.00,0
9851,ASCT-LT000011,LROYALE SKIN CARE AND WELNESS SHOP,Invoice,Rent Receivables,ASCT-IC0001376,GL0001593,2020-06-30,2020-07-08,,,7490.00,0
9890,ASCT-LT000006,ZAGU PEARL SHAKE,Invoice,Rent Receivables,ASCT-IC0001382,GL0001599,2020-06-30,2020-07-08,,,7490.00,0
10031,ASCT-LT000017,BUKO FACTORY,Invoice,Rent Receivables,ASCT-IC0001392,GL0001610,2020-06-30,2020-07-08,,,7062.00,0
9881,ASCT-LT000013,MASTER SIOMAI,Invoice,Rent Receivables,ASCT-IC0001380,GL0001597,2020-06-30,2020-07-08,,,7062.00,0
10192,ASCT-LT000070,Boholanos Lechon House,Invoice,Rent Receivables,ASCT-IC0001425,GL0001649,2020-06-30,2020-07-08,,,6955.00,0
10080,ASCT-LT000045,JJJ Key Services,Invoice,Rent Receivables,ASCT-IC0001402,GL0001620,2020-06-30,2020-07-08,,,6420.00,0
10200,ASCT-LT000072,Lugaw Bisdak,Invoice,Rent Receivables,ASCT-IC0001427,GL0001651,2020-06-30,2020-07-08,,,6420.00,0
10022,ASCT-LT000016,WAFFLE TIME,Invoice,Rent Receivables,ASCT-IC0001390,GL0001608,2020-06-30,2020-07-08,,,5885.00,0
10171,ASCT-LT000058,For Me,Invoice,Rent Receivables,ASCT-IC0001422,GL0001642,2020-06-30,2020-07-08,,,5512.25,0
10129,ASCT-LT000064,Mr. Softy,Invoice,Rent Receivables,ASCT-IC0001414,GL0001632,2020-06-30,2020-07-08,,,3210.00,0
10120,ASCT-LT000061,A and A Cafeteria,Invoice,Rent Receivables,ASCT-IC0001411,GL0001629,2020-06-30,2020-07-08,,,2500.00,0
9496,ASCT-LT000007,JEWELRICH,Payment,Rent Receivables,PR030508,GL0001516,2020-06-30,,B-001,Land Bank of the Philippines,0,-9893.00
9492,ASCT-LT000007,JEWELRICH,Payment,Rent Receivables,PR030508,GL0001398,2020-06-30,,B-001,Land Bank of the Philippines,0,-10593.00
10108,ASCT-LT000036,M Lhuillier,Payment,Rent Receivables,ASCT-B0000780,GL0001624,2020-06-30,,,,0,-12358.50
9517,ASCT-LT000070,Boholanos Lechon House,Payment,Rent Receivables,PR30510,GL0001453,2020-07-01,,B-001,Land Bank of the Philippines,0,-3000.00
9513,ASCT-LT000011,LROYALE SKIN CARE AND WELNESS SHOP,Payment,Rent Receivables,PR30509,GL0001402,2020-07-01,,B-001,Land Bank of the Philippines,0,-7062.00
9585,ASCT-LT000043,K and K Cellshop and Services,Payment,Rent Receivables,PR30511,GL0001506,2020-07-02,,B-001,Land Bank of the Philippines,0,-10700.00
9661,ASCT-LT000036,M Lhuillier,Payment,Rent Receivables,PR030512,GL0001508,2020-07-04,,B-001,Land Bank of the Philippines,0,-12358.50
9990,ASCT-LT000064,Mr. Softy,Payment,Rent Receivables,PROR#005028,GL0001441,2020-07-06,,B-001,Land Bank of the Philippines,0,-5350.00
10268,ASCT-LT000033,ABENSON,Payment,Rent Receivables,PRCHECK#2185777 / OR#005036,GL0001614,2020-07-06,,B-001,Land Bank of the Philippines,0,-75695.81
10277,ASCT-LT000058,For Me,Payment,Rent Receivables,PRCHECK#1730061 / OR#005037,GL0001450,2020-07-07,,B-001,Land Bank of the Philippines,0,-19643.66
10272,ASCT-LT000059,Penshoppe,Payment,Rent Receivables,PRCHECK#1730061 / OR#005037,GL0001448,2020-07-07,,B-001,Land Bank of the Philippines,0,-41156.28
9784,ASCT-LT000038,ASC TECH,Payment,Rent Receivables,PR30513,GL0001462,2020-07-09,,B-001,Land Bank of the Philippines,0,-26137.20
9976,ASCT-LT000061,A and A Cafeteria,Payment,Rent Receivables,PROR#005027,GL0001438,2020-07-13,,B-001,Land Bank of the Philippines,0,-2500.00
9980,ASCT-LT000061,A and A Cafeteria,Payment,Rent Receivables,PROR#005027,GL0001551,2020-07-13,,B-001,Land Bank of the Philippines,0,-2500.00
9972,ASCT-LT000061,A and A Cafeteria,Payment,Rent Receivables,PROR#005027,GL0001350,2020-07-13,,B-001,Land Bank of the Philippines,0,-5000.00
10008,ASCT-LT000009,Save N Earn,Payment,Rent Receivables,PROR#005033,GL0001521,2020-07-13,,B-001,Land Bank of the Philippines,0,-5768.39
10012,ASCT-LT000009,Save N Earn,Payment,Rent Receivables,PROR#005033,GL0001595,2020-07-13,,B-001,Land Bank of the Philippines,0,-6001.61
9809,ASCT-LT000011,LROYALE SKIN CARE AND WELNESS SHOP,Payment,Rent Receivables,PR030514,GL0001535,2020-07-14,,B-001,Land Bank of the Philippines,0,-7490.00
9827,ASCT-LT000045,JJJ Key Services,Payment,Rent Receivables,PR030516,GL0001542,2020-07-15,,B-001,Land Bank of the Philippines,0,-6420.00
9813,ASCT-LT000036,M Lhuillier,Payment,Rent Receivables,PR030515,GL0001547,2020-07-15,,B-001,Land Bank of the Philippines,0,-12358.50
9839,ASCT-LT000073,PNB,Payment,Rent Receivables,PR030517,GL0001563,2020-07-15,,B-001,Land Bank of the Philippines,0,-20425.00
9869,ASCT-LT000037,Miche Cellphone Accessories,Payment,Rent Receivables,PR030518,GL0001529,2020-07-16,,B-001,Land Bank of the Philippines,0,-1426.61
9948,ASCT-LT000006,ZAGU PEARL SHAKE,Payment,Rent Receivables,PRCHECK#1265634 / OR#005029,GL0001408,2020-07-16,,B-001,Land Bank of the Philippines,0,-6062.00
9904,ASCT-LT000066,Aiztea,Payment,Rent Receivables,PR030521,GL0001443,2020-07-16,,B-001,Land Bank of the Philippines,0,-6420.00
9900,ASCT-LT000057,Santinos Italian Pizza Slices,Payment,Rent Receivables,PR030520,GL0001434,2020-07-16,,B-001,Land Bank of the Philippines,0,-6420.00
9956,ASCT-LT000019,LEYLAM,Payment,Rent Receivables,PROR#005030,GL0001414,2020-07-16,,B-001,Land Bank of the Philippines,0,-7062.00
9952,ASCT-LT000006,ZAGU PEARL SHAKE,Payment,Rent Receivables,PRCHECK#1265634 / OR#005029,GL0001523,2020-07-16,,B-001,Land Bank of the Philippines,0,-7490.00
9865,ASCT-LT000037,Miche Cellphone Accessories,Payment,Rent Receivables,PR030518,GL0001416,2020-07-16,,B-001,Land Bank of the Philippines,0,-10582.39
9878,ASCT-LT000008,TECHNOCARE,Payment,Rent Receivables,PR030519,GL0001519,2020-07-16,,B-001,Land Bank of the Philippines,0,-16050.00
9984,ASCT-LT000043,K and K Cellshop and Services,Payment,Rent Receivables,PR30522,GL0001537,2020-07-18,,B-001,Land Bank of the Philippines,0,-10700.00
10222,ASCT-LT000070,Boholanos Lechon House,Payment,Rent Receivables,PR30524,GL0001453,2020-07-28,,B-001,Land Bank of the Philippines,0,-2862.58
10224,ASCT-LT000036,M Lhuillier,Payment,Rent Receivables,PR30525,GL0001624,2020-07-28,,B-001,Land Bank of the Philippines,0,-12358.50
10236,ASCT-LT000008,TECHNOCARE,Payment,Rent Receivables,PR30527,GL0001591,2020-07-29,,B-001,Land Bank of the Philippines,0,-16050.00
10242,ASCT-LT000002,IDEAL VISION CENTER,Payment,Rent Receivables,PR030528,GL0001540,2020-07-29,,B-001,Land Bank of the Philippines,0,-18832.00
10230,ASCT-LT000073,PNB,Payment,Rent Receivables,PR030526,GL0001653,2020-07-29,,B-001,Land Bank of the Philippines,0,-30637.50
10246,ASCT-LT000043,K and K Cellshop and Services,Payment,Rent Receivables,PR030529,GL0001616,2020-07-30,,B-001,Land Bank of the Philippines,0,-10700.00
11361,ASCT-LT000002,IDEAL VISION CENTER,Payment,Rent Receivables,PROR#0050407,GL0001618,2020-07-30,,B-001,Land Bank of the Philippines,0,-18832.00
10345,ASCT-LT000014,JOLLIBEE,Invoice,Rent Receivables,ASCT-IC0001444,GL0001673,2020-07-31,2020-08-15,,,136317.93,0
10328,ASCT-LT000033,ABENSON,Invoice,Rent Receivables,ASCT-IC0001442,GL0001671,2020-07-31,2020-08-15,,,75695.81,0
10475,ASCT-LT000073,PNB,Invoice,Rent Receivables,ASCT-IC0001467,GL0001698,2020-07-31,2020-08-15,,,30637.50,0
13549,ASCT-LT000077,CHOWKING,Invoice,Rent Receivables,ASCT-IC0001899,GL0002202,2020-07-31,2020-08-08,,,29611.26,0
10418,ASCT-LT000036,M Lhuillier,Invoice,Rent Receivables,ASCT-IC0001457,GL0001686,2020-07-31,2020-08-15,,,24717.00,0
10400,ASCT-LT000002,IDEAL VISION CENTER,Invoice,Rent Receivables,ASCT-IC0001453,GL0001682,2020-07-31,2020-08-08,,,18832.00,0
10443,ASCT-LT000059,Penshoppe,Invoice,Rent Receivables,ASCT-IC0001463,GL0001692,2020-07-31,2020-08-15,,,16855.61,0
10289,ASCT-LT000008,TECHNOCARE,Invoice,Rent Receivables,ASCT-IC0001433,GL0001662,2020-07-31,2020-08-15,,,16050.00,0
10310,ASCT-LT000038,ASC TECH,Invoice,Rent Receivables,ASCT-IC0001438,GL0001667,2020-07-31,2020-08-15,,,14712.50,0
10590,ASCT-LT000066,Aiztea,Invoice,Rent Receivables,ASCT-IC0001493,GL0001724,2020-07-31,2020-08-15,,,12840.00,0
10319,ASCT-LT000037,Miche Cellphone Accessories,Invoice,Rent Receivables,ASCT-IC0001440,GL0001669,2020-07-31,2020-08-15,,,11770.00,0
10300,ASCT-LT000009,Save N Earn,Invoice,Rent Receivables,ASCT-IC0001436,GL0001665,2020-07-31,2020-08-15,,,11770.00,0
10371,ASCT-LT000043,K and K Cellshop and Services,Invoice,Rent Receivables,ASCT-IC0001448,GL0001677,2020-07-31,2020-08-15,,,11650.98,0
10361,ASCT-LT000034,RED RIBBON,Invoice,Rent Receivables,ASCT-IC0001446,GL0001675,2020-07-31,2020-08-15,,,11650.98,0
10281,ASCT-LT000007,JEWELRICH,Invoice,Rent Receivables,ASCT-IC0001431,GL0001660,2020-07-31,2020-08-15,,,10700.00,0
10391,ASCT-LT000043,K and K Cellshop and Services,Invoice,Rent Receivables,ASCT-IC0001451,GL0001680,2020-07-31,2020-08-15,,,10700.00,0
10546,ASCT-LT000019,LEYLAM,Invoice,Rent Receivables,ASCT-IC0001483,GL0001714,2020-07-31,2020-08-15,,,9180.60,0
10434,ASCT-LT000060,Marcela Chicken,Invoice,Rent Receivables,ASCT-IC0001461,GL0001690,2020-07-31,2020-08-15,,,8560.00,0
10600,ASCT-LT000056,Pat and Jane Franchising Corp.,Invoice,Rent Receivables,ASCT-IC0001495,GL0001726,2020-07-31,2020-08-15,,,8560.00,0
10488,ASCT-LT000010,VIRGINIA FOODS,Invoice,Rent Receivables,ASCT-IC0001469,GL0001700,2020-07-31,2020-08-15,,,8560.00,0
10555,ASCT-LT000046,Potato Corner,Invoice,Rent Receivables,ASCT-IC0001485,GL0001716,2020-07-31,2020-08-15,,,8025.00,0
10496,ASCT-LT000011,LROYALE SKIN CARE AND WELNESS SHOP,Invoice,Rent Receivables,ASCT-IC0001471,GL0001702,2020-07-31,2020-08-15,,,7490.00,0
10516,ASCT-LT000006,ZAGU PEARL SHAKE,Invoice,Rent Receivables,ASCT-IC0001476,GL0001707,2020-07-31,2020-08-15,,,7490.00,0
10534,ASCT-LT000017,BUKO FACTORY,Invoice,Rent Receivables,ASCT-IC0001480,GL0001711,2020-07-31,2020-08-15,,,7062.00,0
10505,ASCT-LT000013,MASTER SIOMAI,Invoice,Rent Receivables,ASCT-IC0001473,GL0001704,2020-07-31,2020-08-15,,,7062.00,0
10609,ASCT-LT000070,Boholanos Lechon House,Invoice,Rent Receivables,ASCT-IC0001497,GL0001728,2020-07-31,2020-08-15,,,6955.00,0
10409,ASCT-LT000045,JJJ Key Services,Invoice,Rent Receivables,ASCT-IC0001455,GL0001684,2020-07-31,2020-08-15,,,6420.00,0
10617,ASCT-LT000072,Lugaw Bisdak,Invoice,Rent Receivables,ASCT-IC0001499,GL0001730,2020-07-31,2020-08-15,,,6420.00,0
10564,ASCT-LT000057,Santinos Italian Pizza Slices,Invoice,Rent Receivables,ASCT-IC0001487,GL0001718,2020-07-31,2020-08-15,,,6420.00,0
10525,ASCT-LT000016,WAFFLE TIME,Invoice,Rent Receivables,ASCT-IC0001478,GL0001709,2020-07-31,2020-08-15,,,5885.00,0
10459,ASCT-LT000058,For Me,Invoice,Rent Receivables,ASCT-IC0001465,GL0001696,2020-07-31,2020-08-15,,,5129.86,0
10573,ASCT-LT000061,A and A Cafeteria,Invoice,Rent Receivables,ASCT-IC0001489,GL0001720,2020-07-31,2020-08-15,,,2500.00,0
13493,ASCT-LT000064,Mr. Softy,Invoice,Rent Receivables,ASCT-IC0001888,GL0002191,2020-07-31,2020-08-08,,,1605.00,0
10711,ASCT-LT000058,For Me,Payment,Rent Receivables,ASCT-B0000827,GL0001565,2020-07-31,,,,0,-1114.34
10705,ASCT-LT000059,Penshoppe,Payment,Rent Receivables,ASCT-B0000826,GL0001559,2020-07-31,,,,0,-2713.72
10429,ASCT-LT000036,M Lhuillier,Payment,Rent Receivables,ASCT-B0000804,GL0001686,2020-07-31,,,,0,-12358.50
10262,ASCT-LT000060,Marcela Chicken,Payment,Rent Receivables,PROR#005035,GL0001436,2020-08-05,,B-001,Land Bank of the Philippines,0,-5350.00
10342,ASCT-LT000045,JJJ Key Services,Payment,Rent Receivables,PR30531,GL0001620,2020-08-05,,B-001,Land Bank of the Philippines,0,-6420.00
10252,ASCT-LT000060,Marcela Chicken,Payment,Rent Receivables,PROR#005035,GL0001252,2020-08-05,,? undefined:undefined ?,? undefined:undefined ?,0,-10700.00
10258,ASCT-LT000060,Marcela Chicken,Payment,Rent Receivables,PROR#005035,GL0001348,2020-08-05,,B-001,Land Bank of the Philippines,0,-10700.00
10485,ASCT-LT000038,ASC TECH,Payment,Rent Receivables-PDC,PR30532,GL0001462,2020-08-06,,B-001,Land Bank of the Philippines,0,-3287.80
10771,ASCT-LT000058,For Me,Payment,Rent Receivables,PRCHCK#1730719 / OR#005039,GL0001565,2020-08-07,,B-001,Land Bank of the Philippines,0,-3782.84
10775,ASCT-LT000058,For Me,Payment,Rent Receivables,PRCHCK#1730719 / OR#005039,GL0001642,2020-08-07,,B-001,Land Bank of the Philippines,0,-5512.25
10717,ASCT-LT000010,VIRGINIA FOODS,Payment,Rent Receivables,PRCHCK1637652/OR#005038,GL0001396,2020-08-07,,B-001,Land Bank of the Philippines,0,-5885.00
10721,ASCT-LT000010,VIRGINIA FOODS,Payment,Rent Receivables,PRCHCK1637652/OR#005038,GL0001514,2020-08-07,,B-001,Land Bank of the Philippines,0,-8560.00
10763,ASCT-LT000059,Penshoppe,Payment,Rent Receivables,PRCHCK#1730718 / OR#005039,GL0001559,2020-08-07,,B-001,Land Bank of the Philippines,0,-20744.19
10767,ASCT-LT000059,Penshoppe,Payment,Rent Receivables,PRCHCK#1730718 / OR#005039,GL0001638,2020-08-07,,B-001,Land Bank of the Philippines,0,-23961.24
11186,ASCT-LT000033,ABENSON,Payment,Rent Receivables,PROR#030608,GL0001764,2020-08-07,,B-001,Land Bank of the Philippines,0,-57551.26
11182,ASCT-LT000033,ABENSON,Payment,Rent Receivables,PROR#030608,GL0001671,2020-08-07,,B-001,Land Bank of the Philippines,0,-75695.81
10635,ASCT-LT000072,Lugaw Bisdak,Payment,Rent Receivables,PR30533,GL0001455,2020-08-08,,B-001,Land Bank of the Philippines,0,-534.57
10639,ASCT-LT000011,LROYALE SKIN CARE AND WELNESS SHOP,Payment,Rent Receivables,PR30535,GL0001593,2020-08-08,,B-001,Land Bank of the Philippines,0,-7490.00
10657,ASCT-LT000066,Aiztea,Payment,Rent Receivables,PR30534,GL0001555,2020-08-08,,B-001,Land Bank of the Philippines,0,-12840.00
10631,ASCT-LT000072,Lugaw Bisdak,Payment,Rent Receivables,PR30533,GL0001366,2020-08-08,,B-001,Land Bank of the Philippines,0,-12840.00
10655,ASCT-LT000037,Miche Cellphone Accessories,Payment,Rent Receivables,PR30538,GL0001612,2020-08-10,,B-001,Land Bank of the Philippines,0,-1645.11
10649,ASCT-LT000013,MASTER SIOMAI,Payment,Rent Receivables,PR30537,GL0001597,2020-08-10,,B-001,Land Bank of the Philippines,0,-6000.00
10645,ASCT-LT000017,BUKO FACTORY,Payment,Rent Receivables,PR30536,GL0001610,2020-08-10,,B-001,Land Bank of the Philippines,0,-7062.00
10651,ASCT-LT000037,Miche Cellphone Accessories,Payment,Rent Receivables,PR30538,GL0001529,2020-08-10,,B-001,Land Bank of the Philippines,0,-10343.39
11122,ASCT-LT000034,RED RIBBON,Payment,Rent Receivables,PRJV#08001170,GL0001500,2020-08-11,,,,0,-10700.00
13527,ASCT-LT000077,CHOWKING,Payment,Rent Receivables,PRJV#08001141,GL0001604,2020-08-11,,,,0,-46143.75
10661,ASCT-LT000013,MASTER SIOMAI,Payment,Rent Receivables,PR30539,GL0001597,2020-08-15,,B-001,Land Bank of the Philippines,0,-1062.00
10665,ASCT-LT000070,Boholanos Lechon House,Payment,Rent Receivables,PR30540,GL0001453,2020-08-17,,B-001,Land Bank of the Philippines,0,-1092.42
11252,ASCT-LT000009,Save N Earn,Payment,Rent Receivables,PROR#05044,GL0001665,2020-08-17,,B-001,Land Bank of the Philippines,0,-11770.00
10733,ASCT-LT000009,Save N Earn,Payment,Rent Receivables,PROR#005043,GL0001595,2020-08-18,,B-001,Land Bank of the Philippines,0,-5768.39
10675,ASCT-LT000045,JJJ Key Services,Payment,Rent Receivables,PR30542,GL0001684,2020-08-18,,B-001,Land Bank of the Philippines,0,-6420.00
10669,ASCT-LT000036,M Lhuillier,Payment,Rent Receivables,PR30541,GL0001686,2020-08-18,,B-001,Land Bank of the Philippines,0,-12358.50
10729,ASCT-LT000046,Potato Corner,Payment,Rent Receivables,PRCHCK#2000000943/OR#005042,GL0001545,2020-08-19,,B-001,Land Bank of the Philippines,0,-8025.00
10725,ASCT-LT000010,VIRGINIA FOODS,Payment,Rent Receivables,PRCHCK#1637676/OR#005041,GL0001587,2020-08-19,,B-001,Land Bank of the Philippines,0,-8560.00
10713,ASCT-LT000019,LEYLAM,Payment,Rent Receivables,PRCHCK#1000004005/OR#005040,GL0001714,2020-08-19,,B-001,Land Bank of the Philippines,0,-9180.60
10681,ASCT-LT000038,ASC TECH,Payment,Rent Receivables,PR30543,GL0001464,2020-08-20,,B-001,Land Bank of the Philippines,0,-5823.92
10683,ASCT-LT000013,MASTER SIOMAI,Payment,Rent Receivables,PR30544,GL0001704,2020-08-21,,B-001,Land Bank of the Philippines,0,-4252.80
10685,ASCT-LT000008,TECHNOCARE,Payment,Rent Receivables,PR30545,GL0001662,2020-08-22,,B-001,Land Bank of the Philippines,0,-16050.00
10689,ASCT-LT000057,Santinos Italian Pizza Slices,Payment,Rent Receivables,PR30546,GL0001718,2020-08-24,,B-001,Land Bank of the Philippines,0,-6420.00
10693,ASCT-LT000073,PNB,Payment,Rent Receivables,PR030547,GL0001698,2020-08-25,,B-001,Land Bank of the Philippines,0,-30637.50
10697,ASCT-LT000011,LROYALE SKIN CARE AND WELNESS SHOP,Payment,Rent Receivables,PR30548,GL0001702,2020-08-26,,B-001,Land Bank of the Philippines,0,-7490.00
10745,ASCT-LT000060,Marcela Chicken,Payment,Rent Receivables,PR30550,GL0001510,2020-08-27,,B-001,Land Bank of the Philippines,0,-5350.00
10753,ASCT-LT000060,Marcela Chicken,Payment,Rent Receivables,PR30550,GL0001626,2020-08-27,,B-001,Land Bank of the Philippines,0,-7142.91
10749,ASCT-LT000060,Marcela Chicken,Payment,Rent Receivables,PR30550,GL0001549,2020-08-27,,B-001,Land Bank of the Philippines,0,-8560.00
11030,ASCT-LT000002,IDEAL VISION CENTER,Payment,Rent Receivables,PRCHK#339639 / OR#005046,GL0001682,2020-08-27,,B-001,Land Bank of the Philippines,0,-18832.00
10737,ASCT-LT000038,ASC TECH,Payment,Rent Receivables,PR30549,GL0001464,2020-08-27,,B-001,Land Bank of the Philippines,0,-23601.08
10759,ASCT-LT000043,K and K Cellshop and Services,Payment,Rent Receivables,PR30551,GL0001680,2020-08-28,,B-001,Land Bank of the Philippines,0,-3498.52
10757,ASCT-LT000043,K and K Cellshop and Services,Payment,Rent Receivables,PR30551,GL0001677,2020-08-28,,B-001,Land Bank of the Philippines,0,-11650.98
11052,ASCT-LT000014,JOLLIBEE,Invoice,Rent Receivables,ASCT-IC0001559,GL0001797,2020-08-31,2020-09-15,,,146120.24,0
10888,ASCT-LT000033,ABENSON,Invoice,Rent Receivables,ASCT-IC0001526,GL0001764,2020-08-31,2020-09-15,,,75695.81,0
10991,ASCT-LT000073,PNB,Invoice,Rent Receivables,ASCT-IC0001547,GL0001785,2020-08-31,2020-09-15,,,40850.00,0
10930,ASCT-LT000036,M Lhuillier,Invoice,Rent Receivables,ASCT-IC0001535,GL0001773,2020-08-31,2020-09-15,,,24717.00,0
13571,ASCT-LT000077,CHOWKING,Invoice,Rent Receivables,ASCT-IC0001902,GL0002205,2020-08-31,2020-09-08,,,23516.79,0
10841,ASCT-LT000038,ASC TECH,Invoice,Rent Receivables,ASCT-IC0001515,GL0001753,2020-08-31,2020-09-15,,,20597.50,0
11035,ASCT-LT000002,IDEAL VISION CENTER,Invoice,Rent Receivables,ASCT-IC0001557,GL0001795,2020-08-31,2020-09-15,,,18832.00,0
10805,ASCT-LT000008,TECHNOCARE,Invoice,Rent Receivables,ASCT-IC0001507,GL0001745,2020-08-31,2020-09-15,,,16050.00,0
10956,ASCT-LT000066,Aiztea,Invoice,Rent Receivables,ASCT-IC0001539,GL0001777,2020-08-31,2020-09-15,,,12840.00,0
11071,ASCT-LT000059,Penshoppe,Invoice,Rent Receivables,ASCT-IC0001561,GL0001799,2020-08-31,2020-09-15,,,12602.49,0
10879,ASCT-LT000037,Miche Cellphone Accessories,Invoice,Rent Receivables,ASCT-IC0001524,GL0001762,2020-08-31,2020-09-15,,,11770.00,0
11255,ASCT-LT000009,Save N Earn,Invoice,Rent Receivables,ASCT-IC0001579,GL0001822,2020-08-31,2020-09-15,,,11770.00,0
11220,ASCT-LT000010,VIRGINIA FOODS,Invoice,Rent Receivables,ASCT-IC0001573,GL0001816,2020-08-31,2020-09-15,,,11770.00,0
10901,ASCT-LT000034,RED RIBBON,Invoice,Rent Receivables,ASCT-IC0001528,GL0001766,2020-08-31,2020-09-15,,,11650.98,0
10797,ASCT-LT000007,JEWELRICH,Invoice,Rent Receivables,ASCT-IC0001505,GL0001743,2020-08-31,2020-09-15,,,10700.00,0
11025,ASCT-LT000043,K and K Cellshop and Services,Invoice,Rent Receivables,ASCT-IC0001555,GL0001793,2020-08-31,2020-09-15,,,10700.00,0
11000,ASCT-LT000060,Marcela Chicken,Invoice,Rent Receivables,ASCT-IC0001549,GL0001787,2020-08-31,2020-09-15,,,10700.00,0
10823,ASCT-LT000013,MASTER SIOMAI,Invoice,Rent Receivables,ASCT-IC0001511,GL0001749,2020-08-31,2020-09-15,,,9886.80,0
10832,ASCT-LT000006,ZAGU PEARL SHAKE,Invoice,Rent Receivables,ASCT-IC0001513,GL0001751,2020-08-31,2020-09-15,,,9886.80,0
10965,ASCT-LT000056,Pat and Jane Franchising Corp.,Invoice,Rent Receivables,ASCT-IC0001541,GL0001779,2020-08-31,2020-09-15,,,8560.00,0
10921,ASCT-LT000046,Potato Corner,Invoice,Rent Receivables,ASCT-IC0001533,GL0001771,2020-08-31,2020-09-15,,,8025.00,0
10814,ASCT-LT000011,LROYALE SKIN CARE AND WELNESS SHOP,Invoice,Rent Receivables,ASCT-IC0001509,GL0001747,2020-08-31,2020-09-15,,,7490.00,0
10859,ASCT-LT000017,BUKO FACTORY,Invoice,Rent Receivables,ASCT-IC0001519,GL0001757,2020-08-31,2020-09-15,,,7062.00,0
10870,ASCT-LT000019,LEYLAM,Invoice,Rent Receivables,ASCT-IC0001522,GL0001760,2020-08-31,2020-09-15,,,7062.00,0
10974,ASCT-LT000070,Boholanos Lechon House,Invoice,Rent Receivables,ASCT-IC0001543,GL0001781,2020-08-31,2020-09-15,,,6955.00,0
10910,ASCT-LT000045,JJJ Key Services,Invoice,Rent Receivables,ASCT-IC0001530,GL0001768,2020-08-31,2020-09-15,,,6420.00,0
10982,ASCT-LT000072,Lugaw Bisdak,Invoice,Rent Receivables,ASCT-IC0001545,GL0001783,2020-08-31,2020-09-15,,,6420.00,0
10943,ASCT-LT000057,Santinos Italian Pizza Slices,Invoice,Rent Receivables,ASCT-IC0001537,GL0001775,2020-08-31,2020-09-15,,,6420.00,0
10850,ASCT-LT000016,WAFFLE TIME,Invoice,Rent Receivables,ASCT-IC0001517,GL0001755,2020-08-31,2020-09-15,,,5885.00,0
11009,ASCT-LT000061,A and A Cafeteria,Invoice,Rent Receivables,ASCT-IC0001551,GL0001789,2020-08-31,2020-09-15,,,5000.00,0
11165,ASCT-LT000058,For Me,Invoice,Rent Receivables,ASCT-IC0001565,GL0001806,2020-08-31,2020-09-15,,,3536.36,0
13503,ASCT-LT000064,Mr. Softy,Invoice,Rent Receivables,ASCT-IC0001890,GL0002193,2020-08-31,2020-09-08,,,1605.00,0
10942,ASCT-LT000036,M Lhuillier,Payment,Rent Receivables,ASCT-B0000843,GL0001773,2020-08-31,,,,0,-12358.50
10780,ASCT-LT000060,Marcela Chicken,Payment,Rent Receivables,PR30553,GL0001626,2020-09-03,,B-001,Land Bank of the Philippines,0,-1417.09
10784,ASCT-LT000060,Marcela Chicken,Payment,Rent Receivables,PR30553,GL0001690,2020-09-03,,B-001,Land Bank of the Philippines,0,-8560.00
10953,ASCT-LT000017,BUKO FACTORY,Payment,Rent Receivables,PR030554,GL0001711,2020-09-08,,B-001,Land Bank of the Philippines,0,-7062.00
11044,ASCT-LT000037,Miche Cellphone Accessories,Payment,Rent Receivables,PR30555,GL0001669,2020-09-09,,B-001,Land Bank of the Philippines,0,-1587.61
11040,ASCT-LT000037,Miche Cellphone Accessories,Payment,Rent Receivables,PR30555,GL0001612,2020-09-09,,B-001,Land Bank of the Philippines,0,-10124.89
13766,ASCT-LT000064,Mr. Softy,Payment,Rent Receivables,P0000916,GL0002191,2020-09-10,,,,0,-1605.00
13768,ASCT-LT000064,Mr. Softy,Payment,Rent Receivables,P0000916,GL0002193,2020-09-10,,,,0,-1605.00
13772,ASCT-LT000064,Mr. Softy,Payment,Rent Receivables,P0000916,GL0002195,2020-09-10,,,,0,-1605.00
11146,ASCT-LT000058,For Me,Payment,Rent Receivables,PROR#030602,GL0001696,2020-09-11,,B-001,Land Bank of the Philippines,0,-5129.86
11142,ASCT-LT000059,Penshoppe,Payment,Rent Receivables,PROR#030605,GL0001692,2020-09-11,,B-001,Land Bank of the Philippines,0,-16855.61
11068,ASCT-LT000013,MASTER SIOMAI,Payment,Rent Receivables,PR30556,GL0001704,2020-09-14,,B-001,Land Bank of the Philippines,0,-2809.20
11636,ASCT-LT000010,VIRGINIA FOODS,Payment,Rent Receivables,PRCHCK#1637656 / OR#030617,GL0001700,2020-09-16,,B-001,Land Bank of the Philippines,0,-8560.00
11076,ASCT-LT000056,Pat and Jane Franchising Corp.,Payment,Rent Receivables,PR30557,GL0001359,2020-09-16,,B-001,Land Bank of the Philippines,0,-10000.00
11082,ASCT-LT000043,K and K Cellshop and Services,Payment,Rent Receivables,PR030559,GL0001680,2020-09-18,,B-001,Land Bank of the Philippines,0,-7201.48
11086,ASCT-LT000043,K and K Cellshop and Services,Payment,Rent Receivables,PR030559,GL0001793,2020-09-18,,B-001,Land Bank of the Philippines,0,-10700.00
11078,ASCT-LT000073,PNB,Payment,Rent Receivables,PR030558,GL0001785,2020-09-18,,B-001,Land Bank of the Philippines,0,-40850.00
11090,ASCT-LT000036,M Lhuillier,Payment,Rent Receivables,PR30560,GL0001773,2020-09-19,,B-001,Land Bank of the Philippines,0,-12358.50
11266,ASCT-LT000009,Save N Earn,Payment,Rent Receivables,PROR# 030607,GL0001822,2020-09-21,,B-001,Land Bank of the Philippines,0,-11770.00
11104,ASCT-LT000066,Aiztea,Payment,Rent Receivables,PR30563,GL0001724,2020-09-22,,B-001,Land Bank of the Philippines,0,-342.55
11134,ASCT-LT000019,LEYLAM,Payment,Rent Receivables,PRCHK#1934947/OR#030603,GL0001760,2020-09-22,,B-001,Land Bank of the Philippines,0,-7062.00
11100,ASCT-LT000066,Aiztea,Payment,Rent Receivables,PR30563,GL0001634,2020-09-22,,B-001,Land Bank of the Philippines,0,-12840.00
11138,ASCT-LT000046,Potato Corner,Payment,Rent Receivables,PRCHCK#2000000948/OR#030606,GL0001622,2020-09-23,,B-001,Land Bank of the Philippines,0,-8025.00
11106,ASCT-LT000008,TECHNOCARE,Payment,Rent Receivables,PR30564,GL0001745,2020-09-23,,B-001,Land Bank of the Philippines,0,-16050.00
11176,ASCT-LT000058,For Me,Payment,Rent Receivables,PROR#030602,GL0001806,2020-09-24,,B-001,Land Bank of the Philippines,0,-3536.36
11110,ASCT-LT000045,JJJ Key Services,Payment,Rent Receivables,PR30565,GL0001768,2020-09-24,,B-001,Land Bank of the Philippines,0,-6420.00
11650,ASCT-LT000006,ZAGU PEARL SHAKE,Payment,Rent Receivables,PRCHK#1265798 / OR#030616,GL0001751,2020-09-24,,B-001,Land Bank of the Philippines,0,-9886.80
11160,ASCT-LT000059,Penshoppe,Payment,Rent Receivables,PROR#030602,GL0001799,2020-09-24,,B-001,Land Bank of the Philippines,0,-12602.49
11188,ASCT-LT000033,ABENSON,Payment,Rent Receivables,PROR#030609,GL0001764,2020-09-25,,B-001,Land Bank of the Philippines,0,-18144.55
11114,ASCT-LT000013,MASTER SIOMAI,Payment,Rent Receivables,PR30566,GL0001749,2020-09-28,,B-001,Land Bank of the Philippines,0,-3000.00
11116,ASCT-LT000011,LROYALE SKIN CARE AND WELNESS SHOP,Payment,Rent Receivables,PR30567,GL0001747,2020-09-28,,B-001,Land Bank of the Philippines,0,-7490.00
11512,ASCT-LT000033,ABENSON,Invoice,Rent Receivables,ASCT-IC0001634,GL0001877,2020-09-30,2020-10-15,,,75695.81,0
11491,ASCT-LT000073,PNB,Invoice,Rent Receivables,ASCT-IC0001631,GL0001874,2020-09-30,2020-10-15,,,40850.00,0
11393,ASCT-LT000036,M Lhuillier,Invoice,Rent Receivables,ASCT-IC0001609,GL0001852,2020-09-30,2020-10-15,,,24717.00,0
13592,ASCT-LT000077,CHOWKING,Invoice,Rent Receivables,ASCT-IC0001905,GL0002208,2020-09-30,2020-10-08,,,23677.31,0
11349,ASCT-LT000043,K and K Cellshop and Services,Invoice,Rent Receivables,ASCT-IC0001600,GL0001843,2020-09-30,2020-10-15,,,21400.00,0
11301,ASCT-LT000038,ASC TECH,Invoice,Rent Receivables,ASCT-IC0001589,GL0001832,2020-09-30,2020-10-15,,,20597.50,0
11364,ASCT-LT000002,IDEAL VISION CENTER,Invoice,Rent Receivables,ASCT-IC0001602,GL0001845,2020-09-30,2020-10-15,,,18832.00,0
11202,ASCT-LT000008,TECHNOCARE,Invoice,Rent Receivables,ASCT-IC0001569,GL0001812,2020-09-30,2020-10-15,,,16050.00,0
11530,ASCT-LT000059,Penshoppe,Invoice,Rent Receivables,ASCT-IC0001637,GL0001880,2020-09-30,2020-10-15,,,15035.62,0
11446,ASCT-LT000066,Aiztea,Invoice,Rent Receivables,ASCT-IC0001621,GL0001864,2020-09-30,2020-10-15,,,12840.00,0
11340,ASCT-LT000037,Miche Cellphone Accessories,Invoice,Rent Receivables,ASCT-IC0001598,GL0001841,2020-09-30,2020-10-15,,,11770.00,0
11271,ASCT-LT000009,Save N Earn,Invoice,Rent Receivables,ASCT-IC0001582,GL0001825,2020-09-30,2020-10-15,,,11770.00,0
11228,ASCT-LT000010,VIRGINIA FOODS,Invoice,Rent Receivables,ASCT-IC0001575,GL0001818,2020-09-30,2020-10-15,,,11770.00,0
12352,ASCT-LT000034,RED RIBBON,Invoice,Rent Receivables,ASCT-IC0001758,GL0002006,2020-09-30,2020-10-15,,,11650.98,0
11194,ASCT-LT000007,JEWELRICH,Invoice,Rent Receivables,ASCT-IC0001567,GL0001810,2020-09-30,2020-10-15,,,10700.00,0
11422,ASCT-LT000060,Marcela Chicken,Invoice,Rent Receivables,ASCT-IC0001615,GL0001858,2020-09-30,2020-10-15,,,10700.00,0
11590,ASCT-LT000172,Real Me,Invoice,Rent Receivables,ASCT-IC0001639,GL0001884,2020-09-30,2020-10-15,,,10700.00,0
11281,ASCT-LT000013,MASTER SIOMAI,Invoice,Rent Receivables,ASCT-IC0001584,GL0001827,2020-09-30,2020-10-15,,,9886.80,0
11292,ASCT-LT000006,ZAGU PEARL SHAKE,Invoice,Rent Receivables,ASCT-IC0001587,GL0001830,2020-09-30,2020-10-15,,,9886.80,0
11455,ASCT-LT000056,Pat and Jane Franchising Corp.,Invoice,Rent Receivables,ASCT-IC0001623,GL0001866,2020-09-30,2020-10-15,,,8560.00,0
11384,ASCT-LT000046,Potato Corner,Invoice,Rent Receivables,ASCT-IC0001607,GL0001850,2020-09-30,2020-10-15,,,8025.00,0
11211,ASCT-LT000011,LROYALE SKIN CARE AND WELNESS SHOP,Invoice,Rent Receivables,ASCT-IC0001571,GL0001814,2020-09-30,2020-10-15,,,7490.00,0
11320,ASCT-LT000017,BUKO FACTORY,Invoice,Rent Receivables,ASCT-IC0001593,GL0001836,2020-09-30,2020-10-15,,,7062.00,0
11331,ASCT-LT000019,LEYLAM,Invoice,Rent Receivables,ASCT-IC0001596,GL0001839,2020-09-30,2020-10-15,,,7062.00,0
11464,ASCT-LT000070,Boholanos Lechon House,Invoice,Rent Receivables,ASCT-IC0001625,GL0001868,2020-09-30,2020-10-15,,,6955.00,0
11373,ASCT-LT000045,JJJ Key Services,Invoice,Rent Receivables,ASCT-IC0001604,GL0001847,2020-09-30,2020-10-15,,,6420.00,0
11474,ASCT-LT000072,Lugaw Bisdak,Invoice,Rent Receivables,ASCT-IC0001627,GL0001870,2020-09-30,2020-10-15,,,6420.00,0
11404,ASCT-LT000055,PCSO Lotto,Invoice,Rent Receivables,ASCT-IC0001611,GL0001854,2020-09-30,2020-10-15,,,6420.00,0
11413,ASCT-LT000057,Santinos Italian Pizza Slices,Invoice,Rent Receivables,ASCT-IC0001613,GL0001856,2020-09-30,2020-10-15,,,6420.00,0
11311,ASCT-LT000016,WAFFLE TIME,Invoice,Rent Receivables,ASCT-IC0001591,GL0001834,2020-09-30,2020-10-15,,,5885.00,0
11431,ASCT-LT000061,A and A Cafeteria,Invoice,Rent Receivables,ASCT-IC0001617,GL0001860,2020-09-30,2020-10-15,,,5000.00,0
11483,ASCT-LT000074,Takoyaki Boss,Invoice,Rent Receivables,ASCT-IC0001629,GL0001872,2020-09-30,2020-10-15,,,3210.00,0
13512,ASCT-LT000064,Mr. Softy,Invoice,Rent Receivables,ASCT-IC0001892,GL0002195,2020-09-30,2020-10-08,,,1605.00,0
11359,ASCT-LT000043,K and K Cellshop and Services,Payment,Rent Receivables,ASCT-B0000872,GL0001843,2020-09-30,,,,0,-4516.02
11600,ASCT-LT000172,Real Me,Payment,Rent Receivables,ASCT-B0000888,GL0001884,2020-09-30,,,,0,-10700.00
11403,ASCT-LT000036,M Lhuillier,Payment,Rent Receivables,ASCT-B0000876,GL0001852,2020-09-30,,,,0,-12358.50
11527,ASCT-LT000033,ABENSON,Payment,Rent Receivables,ASCT-B0000887,GL0001877,2020-09-30,,,,0,-34120.89
13456,ASCT-LT000064,Mr. Softy,Payment,Rent Receivables,PROR#030637,GL0001632,2020-10-01,,B-001,Land Bank of the Philippines,0,-3210.00
13488,ASCT-LT000064,Mr. Softy,Payment,Rent Receivables,PROR# 030637,GL0002188,2020-10-01,,B-001,Land Bank of the Philippines,0,-3210.00
11624,ASCT-LT000061,A and A Cafeteria,Payment,Rent Receivables,PROR#030613,GL0001629,2020-10-05,,B-001,Land Bank of the Philippines,0,-2500.00
11628,ASCT-LT000061,A and A Cafeteria,Payment,Rent Receivables,PROR#030613,GL0001720,2020-10-05,,B-001,Land Bank of the Philippines,0,-2500.00
11120,ASCT-LT000013,MASTER SIOMAI,Payment,Rent Receivables,PR30568,GL0001749,2020-10-05,,B-001,Land Bank of the Philippines,0,-3000.00
11632,ASCT-LT000061,A and A Cafeteria,Payment,Rent Receivables,PROR#030613,GL0001789,2020-10-05,,B-001,Land Bank of the Philippines,0,-5000.00
11640,ASCT-LT000010,VIRGINIA FOODS,Payment,Rent Receivables,PRCHCK#1637712 / OR#030618,GL0001816,2020-10-08,,B-001,Land Bank of the Philippines,0,-11770.00
11126,ASCT-LT000006,ZAGU PEARL SHAKE,Payment,Rent Receivables,PRCHK#1265766/OR#030304,GL0001599,2020-10-11,,B-001,Land Bank of the Philippines,0,-7490.00
11130,ASCT-LT000006,ZAGU PEARL SHAKE,Payment,Rent Receivables,PRCHK#1265766/OR#030304,GL0001707,2020-10-11,,B-001,Land Bank of the Philippines,0,-7490.00
11250,ASCT-LT000037,Miche Cellphone Accessories,Payment,Rent Receivables,PR30569,GL0001762,2020-10-12,,B-001,Land Bank of the Philippines,0,-1826.11
11246,ASCT-LT000037,Miche Cellphone Accessories,Payment,Rent Receivables,PR30569,GL0001669,2020-10-12,,B-001,Land Bank of the Philippines,0,-10182.39
11501,ASCT-LT000013,MASTER SIOMAI,Payment,Rent Receivables,PR030570,GL0001749,2020-10-13,,B-001,Land Bank of the Philippines,0,-3000.00
11505,ASCT-LT000070,Boholanos Lechon House,Payment,Rent Receivables,PR030571,GL0001649,2020-10-13,,B-001,Land Bank of the Philippines,0,-4957.58
11509,ASCT-LT000038,ASC TECH,Payment,Rent Receivables-PDC,PR030572,GL0001466,2020-10-13,,B-001,Land Bank of the Philippines,0,-8787.30
11545,ASCT-LT000017,BUKO FACTORY,Payment,Rent Receivables,PR30573,GL0001836,2020-10-14,,B-001,Land Bank of the Philippines,0,-0.50
11541,ASCT-LT000017,BUKO FACTORY,Payment,Rent Receivables,PR30573,GL0001757,2020-10-14,,B-001,Land Bank of the Philippines,0,-7062.00
11547,ASCT-LT000013,MASTER SIOMAI,Payment,Rent Receivables,PR30574,GL0001749,2020-10-19,,B-001,Land Bank of the Philippines,0,-886.80
11551,ASCT-LT000045,JJJ Key Services,Payment,Rent Receivables,PR30575,GL0001847,2020-10-23,,B-001,Land Bank of the Philippines,0,-6420.00
13566,ASCT-LT000077,CHOWKING,Payment,Rent Receivables,PRJV#10000471,GL0002202,2020-10-23,,,,0,-29611.26
11555,ASCT-LT000057,Santinos Italian Pizza Slices,Payment,Rent Receivables,PR030576,GL0001775,2020-10-24,,B-001,Land Bank of the Philippines,0,-6420.00
11559,ASCT-LT000036,M Lhuillier,Payment,Rent Receivables,PR030577,GL0001852,2020-10-24,,B-001,Land Bank of the Philippines,0,-12358.50
11565,ASCT-LT000008,TECHNOCARE,Payment,Rent Receivables,PR30578,GL0001812,2020-10-25,,B-001,Land Bank of the Philippines,0,-16050.00
11569,ASCT-LT000011,LROYALE SKIN CARE AND WELNESS SHOP,Payment,Rent Receivables,PR30579,GL0001814,2020-10-26,,B-001,Land Bank of the Philippines,0,-7490.00
11575,ASCT-LT000013,MASTER SIOMAI,Payment,Rent Receivables,PR30581,GL0001827,2020-10-27,,B-001,Land Bank of the Philippines,0,-3000.00
11577,ASCT-LT000043,K and K Cellshop and Services,Payment,Rent Receivables,PR30582,GL0001843,2020-10-27,,B-001,Land Bank of the Philippines,0,-16883.98
11789,ASCT-LT000002,IDEAL VISION CENTER,Payment,Rent Receivables,PROR#030610,GL0001845,2020-10-27,,B-001,Land Bank of the Philippines,0,-18832.00
11646,ASCT-LT000019,LEYLAM,Payment,Rent Receivables,PROR#030614,GL0001839,2020-10-28,,B-001,Land Bank of the Philippines,0,-7062.00
11583,ASCT-LT000073,PNB,Payment,Rent Receivables,PR030583,GL0001874,2020-10-28,,B-001,Land Bank of the Philippines,0,-40850.00
11587,ASCT-LT000055,PCSO Lotto,Payment,Rent Receivables,PR030584,GL0001854,2020-10-29,,B-001,Land Bank of the Philippines,0,-6420.00
13587,ASCT-LT000077,CHOWKING,Payment,Rent Receivables,PRJV#10001630,GL0002205,2020-10-30,,,,0,-23516.79
11917,ASCT-LT000073,PNB,Invoice,Rent Receivables,ASCT-IC0001697,GL0001942,2020-10-31,2020-11-15,,,40850.00,0
13613,ASCT-LT000077,CHOWKING,Invoice,Rent Receivables,ASCT-IC0001908,GL0002211,2020-10-31,2020-11-08,,,32819.97,0
11833,ASCT-LT000036,M Lhuillier,Invoice,Rent Receivables,ASCT-IC0001678,GL0001923,2020-10-31,2020-11-15,,,24717.00,0
11773,ASCT-LT000043,K and K Cellshop and Services,Invoice,Rent Receivables,ASCT-IC0001668,GL0001913,2020-10-31,2020-11-15,,,21400.00,0
11796,ASCT-LT000002,IDEAL VISION CENTER,Invoice,Rent Receivables,ASCT-IC0001672,GL0001917,2020-10-31,2020-11-15,,,18832.00,0
11676,ASCT-LT000008,TECHNOCARE,Invoice,Rent Receivables,ASCT-IC0001645,GL0001891,2020-10-31,2020-11-15,,,16050.00,0
11725,ASCT-LT000038,ASC TECH,Invoice,Rent Receivables,ASCT-IC0001657,GL0001902,2020-10-31,2020-11-15,,,14712.50,0
11764,ASCT-LT000037,Miche Cellphone Accessories,Invoice,Rent Receivables,ASCT-IC0001666,GL0001911,2020-10-31,2020-11-15,,,11770.00,0
11696,ASCT-LT000009,Save N Earn,Invoice,Rent Receivables,ASCT-IC0001651,GL0001896,2020-10-31,2020-11-15,,,11770.00,0
11659,ASCT-LT000010,VIRGINIA FOODS,Invoice,Rent Receivables,ASCT-IC0001641,GL0001887,2020-10-31,2020-11-15,,,11770.00,0
13787,ASCT-LT000034,RED RIBBON,Invoice,Rent Receivables,ASCT-IC0001928,GL0002234,2020-10-31,2020-11-08,,,11650.98,0
11880,ASCT-LT000066,Aiztea,Invoice,Rent Receivables,ASCT-IC0001689,GL0001934,2020-10-31,2020-11-15,,,10700.00,0
11668,ASCT-LT000007,JEWELRICH,Invoice,Rent Receivables,ASCT-IC0001643,GL0001889,2020-10-31,2020-11-15,,,10700.00,0
11862,ASCT-LT000060,Marcela Chicken,Invoice,Rent Receivables,ASCT-IC0001684,GL0001929,2020-10-31,2020-11-15,,,10700.00,0
11935,ASCT-LT000172,Real Me,Invoice,Rent Receivables,ASCT-IC0001700,GL0001945,2020-10-31,2020-11-15,,,10700.00,0
11685,ASCT-LT000011,LROYALE SKIN CARE AND WELNESS SHOP,Invoice,Rent Receivables,ASCT-IC0001648,GL0001893,2020-10-31,2020-11-15,,,9886.80,0
11707,ASCT-LT000013,MASTER SIOMAI,Invoice,Rent Receivables,ASCT-IC0001653,GL0001898,2020-10-31,2020-11-15,,,9886.80,0
11716,ASCT-LT000006,ZAGU PEARL SHAKE,Invoice,Rent Receivables,ASCT-IC0001655,GL0001900,2020-10-31,2020-11-15,,,9886.80,0
11743,ASCT-LT000017,BUKO FACTORY,Invoice,Rent Receivables,ASCT-IC0001661,GL0001906,2020-10-31,2020-11-15,,,8560.00,0
11754,ASCT-LT000019,LEYLAM,Invoice,Rent Receivables,ASCT-IC0001664,GL0001909,2020-10-31,2020-11-15,,,8560.00,0
11853,ASCT-LT000057,Santinos Italian Pizza Slices,Invoice,Rent Receivables,ASCT-IC0001682,GL0001927,2020-10-31,2020-11-15,,,8560.00,0
11814,ASCT-LT000046,Potato Corner,Invoice,Rent Receivables,ASCT-IC0001676,GL0001921,2020-10-31,2020-11-15,,,8025.00,0
11898,ASCT-LT000070,Boholanos Lechon House,Invoice,Rent Receivables,ASCT-IC0001693,GL0001938,2020-10-31,2020-11-15,,,7490.00,0
11889,ASCT-LT000056,Pat and Jane Franchising Corp.,Invoice,Rent Receivables,ASCT-IC0001691,GL0001936,2020-10-31,2020-11-15,,,7490.00,0
11805,ASCT-LT000045,JJJ Key Services,Invoice,Rent Receivables,ASCT-IC0001674,GL0001919,2020-10-31,2020-11-15,,,6420.00,0
11908,ASCT-LT000072,Lugaw Bisdak,Invoice,Rent Receivables,ASCT-IC0001695,GL0001940,2020-10-31,2020-11-15,,,6420.00,0
11844,ASCT-LT000055,PCSO Lotto,Invoice,Rent Receivables,ASCT-IC0001680,GL0001925,2020-10-31,2020-11-15,,,6420.00,0
11734,ASCT-LT000016,WAFFLE TIME,Invoice,Rent Receivables,ASCT-IC0001659,GL0001904,2020-10-31,2020-11-15,,,6420.00,0
11873,ASCT-LT000061,A and A Cafeteria,Invoice,Rent Receivables,ASCT-IC0001687,GL0001932,2020-10-31,2020-11-15,,,5000.00,0
11843,ASCT-LT000036,M Lhuillier,Payment,Rent Receivables,ASCT-B0000899,GL0001923,2020-10-31,,,,0,-12358.50
11610,ASCT-LT000072,Lugaw Bisdak,Payment,Rent Receivables,PR30587,GL0001561,2020-11-03,,B-001,Land Bank of the Philippines,0,-535.07
11604,ASCT-LT000013,MASTER SIOMAI,Payment,Rent Receivables,PR30586,GL0001827,2020-11-03,,B-001,Land Bank of the Philippines,0,-3000.00
11606,ASCT-LT000072,Lugaw Bisdak,Payment,Rent Receivables,PR30587,GL0001455,2020-11-03,,B-001,Land Bank of the Philippines,0,-5885.43
11612,ASCT-LT000038,ASC TECH,Payment,Rent Receivables,PR30588,GL0001466,2020-11-03,,B-001,Land Bank of the Philippines,0,-5925.20
11616,ASCT-LT000038,ASC TECH,Payment,Rent Receivables,PR30588,GL0001525,2020-11-03,,B-001,Land Bank of the Philippines,0,-14190.70
11622,ASCT-LT000037,Miche Cellphone Accessories,Payment,Rent Receivables,PR30589,GL0001841,2020-11-09,,B-001,Land Bank of the Philippines,0,-1814.61
11618,ASCT-LT000037,Miche Cellphone Accessories,Payment,Rent Receivables,PR30589,GL0001762,2020-11-09,,B-001,Land Bank of the Philippines,0,-9943.89
11644,ASCT-LT000013,MASTER SIOMAI,Payment,Rent Receivables,PR030590,GL0001827,2020-11-10,,B-001,Land Bank of the Philippines,0,-3000.00
12117,ASCT-LT000006,ZAGU PEARL SHAKE,Payment,Rent Receivables,PRCHK#10958 / OR#030628,GL0001830,2020-11-10,,B-001,Land Bank of the Philippines,0,-9886.80
12753,ASCT-ST000009,Grolier Torch Exhibit,Payment,Rent Receivables,PROR#030622,GL0002065,2020-11-16,,B-001,Land Bank of the Philippines,0,-16050.00
11828,ASCT-LT000017,BUKO FACTORY,Payment,Rent Receivables,PR30591,GL0001906,2020-11-17,,B-001,Land Bank of the Philippines,0,-0.50
12141,ASCT-LT000016,WAFFLE TIME,Payment,Rent Receivables,PRCHK#6000018118 / OR#030629,GL0001410,2020-11-17,,B-001,Land Bank of the Philippines,0,-1021.63
12145,ASCT-LT000016,WAFFLE TIME,Payment,Rent Receivables,PRCHK#6000018118 / OR#030629,GL0001527,2020-11-17,,B-001,Land Bank of the Philippines,0,-2657.74
12165,ASCT-LT000016,WAFFLE TIME,Payment,Rent Receivables,PRCHK#6000018118 / OR#030629,GL0001904,2020-11-17,,B-001,Land Bank of the Philippines,0,-4863.37
12149,ASCT-LT000016,WAFFLE TIME,Payment,Rent Receivables,PRCHK#6000018118 / OR#030629,GL0001608,2020-11-17,,B-001,Land Bank of the Philippines,0,-5885.00
12153,ASCT-LT000016,WAFFLE TIME,Payment,Rent Receivables,PRCHK#6000018118 / OR#030629,GL0001709,2020-11-17,,B-001,Land Bank of the Philippines,0,-5885.00
12157,ASCT-LT000016,WAFFLE TIME,Payment,Rent Receivables,PRCHK#6000018118 / OR#030629,GL0001755,2020-11-17,,B-001,Land Bank of the Philippines,0,-5885.00
12161,ASCT-LT000016,WAFFLE TIME,Payment,Rent Receivables,PRCHK#6000018118 / OR#030629,GL0001834,2020-11-17,,B-001,Land Bank of the Philippines,0,-5885.00
11824,ASCT-LT000017,BUKO FACTORY,Payment,Rent Receivables,PR30591,GL0001836,2020-11-17,,B-001,Land Bank of the Philippines,0,-7061.50
11830,ASCT-LT000013,MASTER SIOMAI,Payment,Rent Receivables,PR030592,GL0001827,2020-11-18,,B-001,Land Bank of the Philippines,0,-886.80
11932,ASCT-LT000070,Boholanos Lechon House,Payment,Rent Receivables,PR30593,GL0001728,2020-11-20,,B-001,Land Bank of the Philippines,0,-1037.58
11928,ASCT-LT000070,Boholanos Lechon House,Payment,Rent Receivables,PR30593,GL0001649,2020-11-20,,B-001,Land Bank of the Philippines,0,-1997.42
11785,ASCT-LT000002,IDEAL VISION CENTER,Payment,Rent Receivables,PROR#030601,GL0001795,2020-11-22,,B-001,Land Bank of the Philippines,0,-18832.00
12335,ASCT-LT000172,Real Me,Payment,Rent Receivables,PROR# 030634,GL0001945,2020-11-24,,B-001,Land Bank of the Philippines,0,-10700.00
12104,ASCT-LT000009,Save N Earn,Payment,Rent Receivables,PROR#030635,GL0001896,2020-11-24,,B-001,Land Bank of the Philippines,0,-11770.00
11959,ASCT-LT000036,M Lhuillier,Payment,Rent Receivables,PR30597,GL0001923,2020-11-24,,B-001,Land Bank of the Philippines,0,-12358.50
11949,ASCT-LT000066,Aiztea,Payment,Rent Receivables,PR30596,GL0001724,2020-11-24,,B-001,Land Bank of the Philippines,0,-12497.45
11953,ASCT-LT000066,Aiztea,Payment,Rent Receivables,PR30596,GL0001777,2020-11-24,,B-001,Land Bank of the Philippines,0,-12840.00
13608,ASCT-LT000077,CHOWKING,Payment,Rent Receivables,PRJV#11000674,GL0002208,2020-11-24,,,,0,-23677.31
11965,ASCT-LT000073,PNB,Payment,Rent Receivables,PR30595,GL0001942,2020-11-24,,B-001,Land Bank of the Philippines,0,-40850.00
11969,ASCT-LT000045,JJJ Key Services,Payment,Rent Receivables,PR30598,GL0001919,2020-11-25,,B-001,Land Bank of the Philippines,0,-6420.00
12213,ASCT-LT000002,IDEAL VISION CENTER,Payment,Rent Receivables,PRCHK#360204 / OR#030636,GL0001917,2020-11-26,,B-001,Land Bank of the Philippines,0,-18832.00
11979,ASCT-LT000056,Pat and Jane Franchising Corp.,Payment,Rent Receivables-PDC,PR30600,GL0001445,2020-11-27,,B-001,Land Bank of the Philippines,0,-401.99
11975,ASCT-LT000056,Pat and Jane Franchising Corp.,Payment,Rent Receivables-PDC,PR30600,GL0001359,2020-11-27,,B-001,Land Bank of the Philippines,0,-700.00
11656,ASCT-LT000009,Save N Earn,Payment,Rent Receivables,PROR#030619,GL0001825,2020-11-27,,B-001,Land Bank of the Philippines,0,-11770.00
12325,ASCT-LT000073,PNB,Invoice,Rent Receivables,ASCT-IC0001753,GL0002001,2020-11-30,2020-12-15,,,40850.00,0
13634,ASCT-LT000077,CHOWKING,Invoice,Rent Receivables,ASCT-IC0001911,GL0002214,2020-11-30,2020-12-08,,,39483.90,0
12236,ASCT-LT000036,M Lhuillier,Invoice,Rent Receivables,ASCT-IC0001735,GL0001983,2020-11-30,2020-12-15,,,24717.00,0
12193,ASCT-LT000043,K and K Cellshop and Services,Invoice,Rent Receivables,ASCT-IC0001726,GL0001974,2020-11-30,2020-12-15,,,21400.00,0
12203,ASCT-LT000002,IDEAL VISION CENTER,Invoice,Rent Receivables,ASCT-IC0001728,GL0001976,2020-11-30,2020-12-15,,,18832.00,0
12748,ASCT-ST000009,Grolier Torch Exhibit,Invoice,Rent Receivables,ASCT-IC0001813,GL0002065,2020-11-30,2020-12-27,,,16050.00,0
12073,ASCT-LT000008,TECHNOCARE,Invoice,Rent Receivables,ASCT-IC0001707,GL0001955,2020-11-30,2020-12-15,,,16050.00,0
12131,ASCT-LT000038,ASC TECH,Invoice,Rent Receivables,ASCT-IC0001718,GL0001966,2020-11-30,2020-12-15,,,14712.50,0
12184,ASCT-LT000037,Miche Cellphone Accessories,Invoice,Rent Receivables,ASCT-IC0001724,GL0001972,2020-11-30,2020-12-15,,,11770.00,0
12092,ASCT-LT000009,Save N Earn,Invoice,Rent Receivables,ASCT-IC0001711,GL0001959,2020-11-30,2020-12-15,,,11770.00,0
11988,ASCT-LT000010,VIRGINIA FOODS,Invoice,Rent Receivables,ASCT-IC0001703,GL0001950,2020-11-30,2020-12-15,,,11770.00,0
13806,ASCT-LT000034,RED RIBBON,Invoice,Rent Receivables,ASCT-IC0001930,GL0002238,2020-11-30,2020-12-08,,,11650.98,0
12281,ASCT-LT000066,Aiztea,Invoice,Rent Receivables,ASCT-IC0001745,GL0001993,2020-11-30,2020-12-15,,,10700.00,0
12065,ASCT-LT000007,JEWELRICH,Invoice,Rent Receivables,ASCT-IC0001705,GL0001953,2020-11-30,2020-12-15,,,10700.00,0
12265,ASCT-LT000060,Marcela Chicken,Invoice,Rent Receivables,ASCT-IC0001741,GL0001989,2020-11-30,2020-12-15,,,10700.00,0
12340,ASCT-LT000172,Real Me,Invoice,Rent Receivables,ASCT-IC0001756,GL0002004,2020-11-30,2020-12-15,,,10700.00,0
12082,ASCT-LT000011,LROYALE SKIN CARE AND WELNESS SHOP,Invoice,Rent Receivables,ASCT-IC0001709,GL0001957,2020-11-30,2020-12-15,,,9886.80,0
12107,ASCT-LT000013,MASTER SIOMAI,Invoice,Rent Receivables,ASCT-IC0001713,GL0001961,2020-11-30,2020-12-15,,,9886.80,0
12122,ASCT-LT000006,ZAGU PEARL SHAKE,Invoice,Rent Receivables,ASCT-IC0001716,GL0001964,2020-11-30,2020-12-15,,,9886.80,0
12175,ASCT-LT000017,BUKO FACTORY,Invoice,Rent Receivables,ASCT-IC0001722,GL0001970,2020-11-30,2020-12-15,,,8560.00,0
12256,ASCT-LT000057,Santinos Italian Pizza Slices,Invoice,Rent Receivables,ASCT-IC0001739,GL0001987,2020-11-30,2020-12-15,,,8560.00,0
12227,ASCT-LT000046,Potato Corner,Invoice,Rent Receivables,ASCT-IC0001733,GL0001981,2020-11-30,2020-12-15,,,8025.00,0
12299,ASCT-LT000070,Boholanos Lechon House,Invoice,Rent Receivables,ASCT-IC0001749,GL0001997,2020-11-30,2020-12-15,,,7490.00,0
12290,ASCT-LT000056,Pat and Jane Franchising Corp.,Invoice,Rent Receivables,ASCT-IC0001747,GL0001995,2020-11-30,2020-12-15,,,7490.00,0
12216,ASCT-LT000045,JJJ Key Services,Invoice,Rent Receivables,ASCT-IC0001730,GL0001978,2020-11-30,2020-12-15,,,6420.00,0
12308,ASCT-LT000072,Lugaw Bisdak,Invoice,Rent Receivables,ASCT-IC0001751,GL0001999,2020-11-30,2020-12-15,,,6420.00,0
12247,ASCT-LT000055,PCSO Lotto,Invoice,Rent Receivables,ASCT-IC0001737,GL0001985,2020-11-30,2020-12-15,,,6420.00,0
12166,ASCT-LT000016,WAFFLE TIME,Invoice,Rent Receivables,ASCT-IC0001720,GL0001968,2020-11-30,2020-12-15,,,6420.00,0
12274,ASCT-LT000061,A and A Cafeteria,Invoice,Rent Receivables,ASCT-IC0001743,GL0001991,2020-11-30,2020-12-15,,,5000.00,0
12202,ASCT-LT000043,K and K Cellshop and Services,Payment,Rent Receivables,ASCT-B0000924,GL0001974,2020-11-30,,,,0,-4516.02
12246,ASCT-LT000036,M Lhuillier,Payment,Rent Receivables,ASCT-B0000930,GL0001983,2020-11-30,,,,0,-12358.50
11998,ASCT-LT000055,PCSO Lotto,Payment,Rent Receivables,PR30651,GL0001925,2020-12-02,,B-001,Land Bank of the Philippines,0,-6420.00
12002,ASCT-LT000013,MASTER SIOMAI,Payment,Rent Receivables,PR30652,GL0001898,2020-12-03,,B-001,Land Bank of the Philippines,0,-3000.00
12572,ASCT-LT000046,Potato Corner,Payment,Rent Receivables,PROR# 030644,GL0001716,2020-12-03,,B-001,Land Bank of the Philippines,0,-8025.00
12012,ASCT-LT000011,LROYALE SKIN CARE AND WELNESS SHOP,Payment,Rent Receivables,PR030654,GL0001893,2020-12-04,,B-001,Land Bank of the Philippines,0,-9886.80
12006,ASCT-LT000008,TECHNOCARE,Payment,Rent Receivables,PR030653,GL0001891,2020-12-04,,B-001,Land Bank of the Philippines,0,-16050.00
12016,ASCT-LT000007,JEWELRICH,Payment,Rent Receivables,PR30655,GL0001516,2020-12-07,,B-001,Land Bank of the Philippines,0,-807.00
12020,ASCT-LT000007,JEWELRICH,Payment,Rent Receivables,PR30655,GL0001589,2020-12-07,,B-001,Land Bank of the Philippines,0,-10700.00
12024,ASCT-LT000007,JEWELRICH,Payment,Rent Receivables,PR30655,GL0001660,2020-12-07,,B-001,Land Bank of the Philippines,0,-10700.00
12028,ASCT-LT000007,JEWELRICH,Payment,Rent Receivables,PR30655,GL0001743,2020-12-07,,B-001,Land Bank of the Philippines,0,-10700.00
12032,ASCT-LT000007,JEWELRICH,Payment,Rent Receivables,PR30655,GL0001810,2020-12-07,,B-001,Land Bank of the Philippines,0,-10700.00
12040,ASCT-LT000013,MASTER SIOMAI,Payment,Rent Receivables,PR30657,GL0001898,2020-12-09,,B-001,Land Bank of the Philippines,0,-3000.00
12036,ASCT-LT000043,K and K Cellshop and Services,Payment,Rent Receivables,PR30656,GL0001913,2020-12-09,,B-001,Land Bank of the Philippines,0,-21400.00
12476,ASCT-LT000006,ZAGU PEARL SHAKE,Payment,Rent Receivables,PROR# 030643,GL0001900,2020-12-10,,B-001,Land Bank of the Philippines,0,-9886.80
12044,ASCT-LT000060,Marcela Chicken,Payment,Rent Receivables,PR30658,GL0001787,2020-12-10,,B-001,Land Bank of the Philippines,0,-10700.00
12048,ASCT-LT000060,Marcela Chicken,Payment,Rent Receivables,PR30658,GL0001858,2020-12-10,,B-001,Land Bank of the Philippines,0,-10700.00
12052,ASCT-LT000060,Marcela Chicken,Payment,Rent Receivables,PR30658,GL0001929,2020-12-10,,B-001,Land Bank of the Philippines,0,-10700.00
12404,ASCT-LT000010,VIRGINIA FOODS,Payment,Rent Receivables,PROR#030645,GL0001887,2020-12-10,,B-001,Land Bank of the Philippines,0,-11770.00
11983,ASCT-LT000010,VIRGINIA FOODS,Payment,Rent Receivables,PRCHK#1637733/OR#030631,GL0001818,2020-12-11,,B-001,Land Bank of the Philippines,0,-11770.00
12060,ASCT-LT000037,Miche Cellphone Accessories,Payment,Rent Receivables,PR030659,GL0001911,2020-12-14,,B-001,Land Bank of the Philippines,0,-1803.11
12062,ASCT-LT000017,BUKO FACTORY,Payment,Rent Receivables,PR030660,GL0001906,2020-12-14,,B-001,Land Bank of the Philippines,0,-8559.50
12056,ASCT-LT000037,Miche Cellphone Accessories,Payment,Rent Receivables,PR030659,GL0001841,2020-12-14,,B-001,Land Bank of the Philippines,0,-9955.39
12313,ASCT-LT000038,ASC TECH,Payment,Rent Receivables,PR30661,GL0001525,2020-12-16,,B-001,Land Bank of the Philippines,0,-521.80
12317,ASCT-LT000038,ASC TECH,Payment,Rent Receivables,PR30661,GL0001606,2020-12-16,,B-001,Land Bank of the Philippines,0,-14712.50
12357,ASCT-LT000013,MASTER SIOMAI,Payment,Rent Receivables,PR30662,GL0001898,2020-12-17,,B-001,Land Bank of the Philippines,0,-3000.00
12364,ASCT-LT000013,MASTER SIOMAI,Payment,Rent Receivables,PR30663,GL0001898,2020-12-23,,B-001,Land Bank of the Philippines,0,-886.80
12372,ASCT-LT000066,Aiztea,Payment,Rent Receivables,PR30664,GL0001934,2020-12-28,,B-001,Land Bank of the Philippines,0,-7909.60
12449,ASCT-LT000009,Save N Earn,Payment,Rent Receivables,PROR# 030641,GL0001959,2020-12-28,,B-001,Land Bank of the Philippines,0,-11770.00
12368,ASCT-LT000066,Aiztea,Payment,Rent Receivables,PR30664,GL0001864,2020-12-28,,B-001,Land Bank of the Philippines,0,-12840.00
12378,ASCT-LT000013,MASTER SIOMAI,Payment,Rent Receivables,PR30667,GL0001961,2020-12-29,,B-001,Land Bank of the Philippines,0,-3000.00
13750,ASCT-LT000034,RED RIBBON,Payment,Rent Receivables,PRJV#12001196,GL0001533,2020-12-29,,,,0,-11650.98
13754,ASCT-LT000034,RED RIBBON,Payment,Rent Receivables,PRJV#12001205,GL0001675,2020-12-29,,,,0,-11650.98
13758,ASCT-LT000034,RED RIBBON,Payment,Rent Receivables,PRJV#12001203,GL0001766,2020-12-29,,,,0,-11650.98
13784,ASCT-LT000034,RED RIBBON,Payment,Rent Receivables,PRJV#12001202,GL0002006,2020-12-29,,,,0,-11650.98
13803,ASCT-LT000034,RED RIBBON,Payment,Rent Receivables,PRJV#12001200,GL0002234,2020-12-29,,,,0,-11650.98
12380,ASCT-LT000036,M Lhuillier,Payment,Rent Receivables,PR30668,GL0001983,2020-12-29,,B-001,Land Bank of the Philippines,0,-12358.50
13653,ASCT-LT000077,CHOWKING,Invoice,Rent Receivables,ASCT-IC0001914,GL0002217,2020-12-31,2021-01-08,,,58746.97,0
12705,ASCT-LT000073,PNB,Invoice,Rent Receivables,ASCT-IC0001811,GL0002062,2020-12-31,2021-01-15,,,40850.00,0
12584,ASCT-LT000036,M Lhuillier,Invoice,Rent Receivables,ASCT-IC0001793,GL0002043,2020-12-31,2021-01-15,,,24717.00,0
12540,ASCT-LT000043,K and K Cellshop and Services,Invoice,Rent Receivables,ASCT-IC0001784,GL0002034,2020-12-31,2021-01-15,,,21400.00,0
12553,ASCT-LT000002,IDEAL VISION CENTER,Invoice,Rent Receivables,ASCT-IC0001787,GL0002037,2020-12-31,2021-01-15,,,18832.00,0
12424,ASCT-LT000008,TECHNOCARE,Invoice,Rent Receivables,ASCT-IC0001764,GL0002014,2020-12-31,2021-01-15,,,16050.00,0
12488,ASCT-LT000038,ASC TECH,Invoice,Rent Receivables,ASCT-IC0001776,GL0002026,2020-12-31,2021-01-15,,,14712.50,0
12515,ASCT-LT000037,Miche Cellphone Accessories,Invoice,Rent Receivables,ASCT-IC0001782,GL0002032,2020-12-31,2021-01-15,,,11770.00,0
12456,ASCT-LT000009,Save N Earn,Invoice,Rent Receivables,ASCT-IC0001770,GL0002020,2020-12-31,2021-01-15,,,11770.00,0
12407,ASCT-LT000010,VIRGINIA FOODS,Invoice,Rent Receivables,ASCT-IC0001760,GL0002010,2020-12-31,2021-01-15,,,11770.00,0
13815,ASCT-LT000034,RED RIBBON,Invoice,Rent Receivables,ASCT-IC0001932,GL0002240,2020-12-31,2021-01-08,,,11650.98,0
12629,ASCT-LT000066,Aiztea,Invoice,Rent Receivables,ASCT-IC0001803,GL0002053,2020-12-31,2021-01-15,,,10700.00,0
12416,ASCT-LT000007,JEWELRICH,Invoice,Rent Receivables,ASCT-IC0001762,GL0002012,2020-12-31,2021-01-15,,,10700.00,0
12613,ASCT-LT000060,Marcela Chicken,Invoice,Rent Receivables,ASCT-IC0001799,GL0002049,2020-12-31,2021-01-08,,,10700.00,0
12439,ASCT-LT000011,LROYALE SKIN CARE AND WELNESS SHOP,Invoice,Rent Receivables,ASCT-IC0001766,GL0002016,2020-12-31,2021-01-15,,,9886.80,0
12466,ASCT-LT000013,MASTER SIOMAI,Invoice,Rent Receivables,ASCT-IC0001772,GL0002022,2020-12-31,2021-01-15,,,9886.80,0
12479,ASCT-LT000006,ZAGU PEARL SHAKE,Invoice,Rent Receivables,ASCT-IC0001774,GL0002024,2020-12-31,2021-01-15,,,9886.80,0
12506,ASCT-LT000017,BUKO FACTORY,Invoice,Rent Receivables,ASCT-IC0001780,GL0002030,2020-12-31,2021-01-15,,,8560.00,0
12604,ASCT-LT000057,Santinos Italian Pizza Slices,Invoice,Rent Receivables,ASCT-IC0001797,GL0002047,2020-12-31,2021-01-15,,,8560.00,0
12575,ASCT-LT000046,Potato Corner,Invoice,Rent Receivables,ASCT-IC0001791,GL0002041,2020-12-31,2021-01-15,,,8025.00,0
12651,ASCT-LT000070,Boholanos Lechon House,Invoice,Rent Receivables,ASCT-IC0001807,GL0002057,2020-12-31,2021-01-15,,,7490.00,0
12642,ASCT-LT000056,Pat and Jane Franchising Corp.,Invoice,Rent Receivables,ASCT-IC0001805,GL0002055,2020-12-31,2021-01-15,,,7490.00,0
12562,ASCT-LT000045,JJJ Key Services,Invoice,Rent Receivables,ASCT-IC0001789,GL0002039,2020-12-31,2021-01-15,,,6420.00,0
12660,ASCT-LT000072,Lugaw Bisdak,Invoice,Rent Receivables,ASCT-IC0001809,GL0002059,2020-12-31,2021-01-15,,,6420.00,0
12595,ASCT-LT000055,PCSO Lotto,Invoice,Rent Receivables,ASCT-IC0001795,GL0002045,2020-12-31,2021-01-15,,,6420.00,0
12497,ASCT-LT000016,WAFFLE TIME,Invoice,Rent Receivables,ASCT-IC0001778,GL0002028,2020-12-31,2021-01-15,,,6420.00,0
12622,ASCT-LT000061,A and A Cafeteria,Invoice,Rent Receivables,ASCT-IC0001801,GL0002051,2020-12-31,2021-01-15,,,5000.00,0
12594,ASCT-LT000036,M Lhuillier,Payment,Rent Receivables,ASCT-B0000951,GL0002043,2020-12-31,,,,0,-12358.50
